ElementID,1073
ElementID,0559
ElementID,0901
ElementID,0889
ElementID,9912
ElementID,9917
ElementID,0373
ElementID,0713
ElementID,9918
ElementID,0040
ElementID,0380
ElementID,1559
ElementID,1557
ElementID,1556
ElementID,1555
ElementID,1271
ElementID,0479
ElementID,0028
ElementID,0480
ElementID,0143
ElementID,0329
ElementID,1705
ElementID,0721
ElementID,0719
ElementID,0447
ElementID,0720
ElementID,0722
ElementID,0725
ElementID,0723
ElementID,0724
ElementID,0717
ElementID,0718
ElementID,0715
ElementID,0097
ElementID,0123
ElementID,0002
ElementID,0716
ElementID,0522
ElementID,0782
ElementID,0478
ElementID,1011
ElementID,0076
ElementID,0146
ElementID,0193
ElementID,0140
ElementID,0091
ElementID,0145
ElementID,0188
ElementID,0202
ElementID,1636
ElementID,0650
ElementID,1262
ElementID,0668
ElementID,0355
ElementID,0374
ElementID,0326
ElementID,0235
ElementID,0234
ElementID,0685
ElementID,0686
ElementID,0684
ElementID,0352
ElementID,0353
ElementID,0306
ElementID,0127
ElementID,1570
ElementID,0784
ElementID,0785
ElementID,0092
ElementID,0324
ElementID,0328
ElementID,0367
ElementID,0587
ElementID,1019
ElementID,1166
ElementID,1232
ElementID,0786
ElementID,0640
ElementID,1130
ElementID,0954
ElementID,1069
ElementID,0128
ElementID,0337
ElementID,0623
ElementID,1484
ElementID,0206
ElementID,0207
ElementID,1251
ElementID,0154
ElementID,0041
ElementID,1005
ElementID,0755
ElementID,0026
ElementID,0236
ElementID,0212
ElementID,1161
ElementID,0594
ElementID,1270
ElementID,0886
ElementID,0460
ElementID,0129
ElementID,0011
ElementID,0223
ElementID,0160
ElementID,0226
ElementID,0501
ElementID,0100
ElementID,1250
ElementID,0641
ElementID,0819
ElementID,0613
ElementID,0781
ElementID,0591
ElementID,0812
ElementID,0506
ElementID,0507
ElementID,0569
ElementID,0508
ElementID,0509
ElementID,0510
ElementID,1048
ElementID,0648
ElementID,0649
ElementID,0586
ElementID,0379
ElementID,0327
ElementID,0960
ElementID,0067
ElementID,0066
ElementID,0962
ElementID,0412
ElementID,0850
ElementID,0847
ElementID,0848
ElementID,0849
ElementID,0675
ElementID,0676
ElementID,0515
ElementID,0516
ElementID,0517
ElementID,0518
ElementID,0086
ElementID,0578
ElementID,0081
ElementID,0082
ElementID,1272
ElementID,0284
ElementID,1470
ElementID,1084
ElementID,1091
ElementID,1162
ElementID,1163
ElementID,1164
ElementID,0799
ElementID,0305
ElementID,1178
ElementID,1196
ElementID,1311
ElementID,0687
ElementID,0396
ElementID,1491
ElementID,1492
ElementID,1493
ElementID,0609
ElementID,0818
ElementID,1236
ElementID,1062
ElementID,0592
ElementID,0429
ElementID,0055
ElementID,1094
ElementID,1238
ElementID,1239
ElementID,1056
ElementID,0598
ElementID,0298
ElementID,0147
ElementID,0195
ElementID,0199
ElementID,0714
ElementID,0122
ElementID,0344
ElementID,0678
ElementID,0673
ElementID,0369
ElementID,1033
ElementID,1034
ElementID,0483
ElementID,0495
ElementID,0498
ElementID,0499
ElementID,0554
ElementID,0259
ElementID,0697
ElementID,0690
ElementID,0260
ElementID,0024
ElementID,0056
ElementID,0208
ElementID,0209
ElementID,0310
ElementID,0103
ElementID,0035
ElementID,0121
ElementID,0118
ElementID,0157
ElementID,1136
ElementID,1137
ElementID,0187
ElementID,0619
ElementID,0034
ElementID,0108
ElementID,0058
ElementID,1187
ElementID,1189
ElementID,0346
ElementID,0008
ElementID,0020
ElementID,0007
ElementID,0107
ElementID,0280
ElementID,0213
ElementID,0246
ElementID,0247
ElementID,1302
ElementID,1662
ElementID,1663
ElementID,0387
ElementID,0368
ElementID,1185
ElementID,0093
ElementID,0756
ElementID,1309
ElementID,1310
ElementID,0350
ElementID,1018
ElementID,0875
ElementID,0546
ElementID,0426
ElementID,0610
ElementID,0417
ElementID,0477
ElementID,0427
ElementID,0933
ElementID,1552
ElementID,1321
ElementID,1549
ElementID,1129
ElementID,1698
ElementID,0009
ElementID,1198
ElementID,1199
ElementID,0751
ElementID,0822
ElementID,1095
ElementID,0019
ElementID,1096
ElementID,0156
ElementID,1315
ElementID,1314
ElementID,1352
ElementID,1345
ElementID,0622
ElementID,0382
ElementID,0357
ElementID,1032
ElementID,1331
ElementID,1325
ElementID,1354
ElementID,0115
ElementID,0114
ElementID,0013
ElementID,0182
ElementID,0113
ElementID,0112
ElementID,0174
ElementID,1765
ElementID,1053
ElementID,1054
ElementID,1729
ElementID,1731
ElementID,1131
ElementID,1147
ElementID,1730
ElementID,1316
ElementID,1317
ElementID,0166
ElementID,1322
ElementID,1348
ElementID,1349
ElementID,1350
ElementID,1382
ElementID,0923
ElementID,1089
ElementID,1681
ElementID,1008
ElementID,1009
ElementID,1012
ElementID,1013
ElementID,0474
ElementID,0150
ElementID,0309
ElementID,1468
ElementID,1017
ElementID,1029
ElementID,0098
ElementID,0248
ElementID,1007
ElementID,0221
ElementID,0772
ElementID,0301
ElementID,1482
ElementID,0738
ElementID,0750
ElementID,0562
ElementID,1028
ElementID,1343
ElementID,1332
ElementID,1359
ElementID,1363
ElementID,1351
ElementID,1362
ElementID,1366
ElementID,1338
ElementID,1360
ElementID,1383
ElementID,1514
ElementID,0642
ElementID,0771
ElementID,0767
ElementID,1392
ElementID,0022
ElementID,0059
ElementID,0332
ElementID,0338
ElementID,1138
ElementID,1143
ElementID,1365
ElementID,0365
ElementID,0364
ElementID,0846
ElementID,1764
ElementID,1193
ElementID,1762
ElementID,1367
ElementID,1342
ElementID,1335
ElementID,1344
ElementID,0065
ElementID,1346
ElementID,1347
ElementID,1384
ElementID,0921
ElementID,1403
ElementID,1404
ElementID,0488
ElementID,1308
ElementID,1565
ElementID,0995
ElementID,1572
ElementID,1573
ElementID,0152
ElementID,1141
ElementID,1142
ElementID,1203
ElementID,0612
ElementID,1148
ElementID,1258
ElementID,1150
ElementID,1152
ElementID,0560
ElementID,0433
ElementID,0336
ElementID,0988
ElementID,0989
ElementID,1642
ElementID,0824
ElementID,0825
ElementID,1675
ElementID,0790
ElementID,1167
ElementID,0942
ElementID,0563
ElementID,0566
ElementID,1004
ElementID,0987
ElementID,1132
ElementID,0688
ElementID,1002
ElementID,1003
ElementID,1108
ElementID,1006
ElementID,9999
ElementID,9998
ElementID,1528
ElementID,1686
ElementID,0669
ElementID,0322
ElementID,0482
ElementID,1014
ElementID,0519
ElementID,0487
ElementID,0916
ElementID,0490
ElementID,1422
ElementID,0556
ElementID,0139
ElementID,1408
ElementID,1407
ElementID,0653
ElementID,0654
ElementID,0655
ElementID,0656
ElementID,0657
ElementID,0691
ElementID,0692
ElementID,0693
ElementID,0542
ElementID,1020
ElementID,1021
ElementID,0964
ElementID,1771
ElementID,0639
ElementID,0289
ElementID,0354
ElementID,0347
ElementID,0183
ElementID,1015
ElementID,1016
ElementID,1010
ElementID,0573
ElementID,0116
ElementID,1511
ElementID,0998
ElementID,1264
ElementID,1265
ElementID,1126
ElementID,1237
ElementID,0262
ElementID,0176
ElementID,0616
ElementID,0615
ElementID,0177
ElementID,0257
ElementID,1268
ElementID,0083
ElementID,0432
ElementID,1242
ElementID,1243
ElementID,1368
ElementID,0360
ElementID,1330
ElementID,1146
ElementID,1149
ElementID,1154
ElementID,0912
ElementID,0911
ElementID,0904
ElementID,0491
ElementID,0913
ElementID,0914
ElementID,0915
ElementID,0918
ElementID,0505
ElementID,0397
ElementID,0090
ElementID,1068
ElementID,1067
ElementID,1109
ElementID,1066
ElementID,0659
ElementID,0926
ElementID,0584
ElementID,1339
ElementID,1423
ElementID,0922
ElementID,0924
ElementID,0906
ElementID,0903
ElementID,0905
ElementID,0589
ElementID,0902
ElementID,0909
ElementID,0910
ElementID,0489
ElementID,0568
ElementID,0133
ElementID,0296
ElementID,0042
ElementID,0748
ElementID,1402
ElementID,1201
ElementID,1772
ElementID,0079
ElementID,0186
ElementID,1134
ElementID,0797
ElementID,0802
ElementID,0801
ElementID,0800
ElementID,0789
ElementID,0803
ElementID,0804
ElementID,1176
ElementID,9952
ElementID,0709
ElementID,9953
ElementID,1207
ElementID,1336
ElementID,1328
ElementID,0302
ElementID,0303
ElementID,1741
ElementID,0304
ElementID,0743
ElementID,0467
ElementID,0544
ElementID,0597
ElementID,1390
ElementID,1204
ElementID,0787
ElementID,0788
ElementID,0404
ElementID,A405
ElementID,9897
ElementID,9896
ElementID,1543
ElementID,0219
ElementID,1554
ElementID,0184
ElementID,1429
ElementID,1139
ElementID,1266
ElementID,0740
ElementID,0741
ElementID,1144
ElementID,0706
ElementID,1400
ElementID,1488
ElementID,1489
ElementID,1490
ElementID,0617
ElementID,0626
ElementID,0627
ElementID,0538
ElementID,0557
ElementID,0540
ElementID,0541
ElementID,0555
ElementID,0550
ElementID,0551
ElementID,0552
ElementID,0553
ElementID,0831
ElementID,0548
ElementID,0536
ElementID,0539
ElementID,0833
ElementID,0838
ElementID,1300
ElementID,1195
ElementID,0605
ElementID,1078
ElementID,1074
ElementID,0061
ElementID,1213
ElementID,1197
ElementID,0638
ElementID,0694
ElementID,0634
ElementID,1267
ElementID,0334
ElementID,0335
ElementID,0054
ElementID,1153
ElementID,0475
ElementID,0543
ElementID,0927
ElementID,0442
ElementID,1273
ElementID,1224
ElementID,1202
ElementID,0680
ElementID,0681
ElementID,0783
ElementID,1070
ElementID,0356
ElementID,0810
ElementID,1770
ElementID,1766
ElementID,1767
ElementID,1768
ElementID,0023
ElementID,0080
ElementID,0225
ElementID,0407
ElementID,0408
ElementID,0409
ElementID,0410
ElementID,0411
ElementID,0311
ElementID,0312
ElementID,0729
ElementID,0189
ElementID,0422
ElementID,0945
ElementID,0381
ElementID,0445
ElementID,0438
ElementID,0287
ElementID,0766
ElementID,1727
ElementID,0288
ElementID,0420
ElementID,0003
ElementID,0333
ElementID,0282
ElementID,0283
ElementID,0370
ElementID,0398
ElementID,1522
ElementID,0439
ElementID,0440
ElementID,0291
ElementID,1523
ElementID,1292
ElementID,0395
ElementID,0423
ElementID,0341
ElementID,0769
ElementID,0359
ElementID,0340
ElementID,0331
ElementID,0378
ElementID,0770
ElementID,0677
ElementID,1230
ElementID,0424
ElementID,0472
ElementID,1113
ElementID,0358
ElementID,0237
ElementID,0383
ElementID,0351
ElementID,0446
ElementID,0386
ElementID,0362
ElementID,0391
ElementID,0390
ElementID,0343
ElementID,0342
ElementID,0434
ElementID,0290
ElementID,0292
ElementID,1520
ElementID,0315
ElementID,0317
ElementID,0201
ElementID,0073
ElementID,1521
ElementID,0416
ElementID,0876
ElementID,0878
ElementID,0570
ElementID,0418
ElementID,0419
ElementID,0421
ElementID,0614
ElementID,0167
ElementID,0571
ElementID,0232
ElementID,0572
ElementID,0060
ElementID,0473
ElementID,0441
ElementID,0881
ElementID,0366
ElementID,0443
ElementID,0399
ElementID,0400
ElementID,0861
ElementID,0860
ElementID,0862
ElementID,0871
ElementID,0872
ElementID,0873
ElementID,0323
ElementID,0625
ElementID,0204
ElementID,0773
ElementID,0768
ElementID,0879
ElementID,0880
ElementID,0258
ElementID,0857
ElementID,0858
ElementID,0444
ElementID,0339
ElementID,0828
ElementID,0361
ElementID,0865
ElementID,0866
ElementID,0867
ElementID,0868
ElementID,0869
ElementID,0870
ElementID,1278
ElementID,0739
ElementID,1603
ElementID,1313
ElementID,1395
ElementID,1396
ElementID,0752
ElementID,1260
ElementID,1261
ElementID,1370
ElementID,0142
ElementID,0124
ElementID,0455
ElementID,0699
ElementID,0062
ElementID,0064
ElementID,0063
ElementID,0200
ElementID,0077
ElementID,1526
ElementID,1527
ElementID,1205
ElementID,1209
ElementID,1211
ElementID,0670
ElementID,0293
ElementID,1275
ElementID,1576
ElementID,0899
ElementID,1276
ElementID,1277
ElementID,1307
ElementID,0953
ElementID,1086
ElementID,1713
ElementID,0254
ElementID,0274
ElementID,0153
ElementID,0241
ElementID,0242
ElementID,0240
ElementID,0406
ElementID,1473
ElementID,0628
ElementID,0734
ElementID,0735
ElementID,0736
ElementID,1212
ElementID,0679
ElementID,0567
ElementID,0845
ElementID,0712
ElementID,0730
ElementID,0814
ElementID,0851
ElementID,0855
ElementID,0863
ElementID,0864
ElementID,0874
ElementID,1215
ElementID,0I16
ElementID,0I12
ElementID,1678
ElementID,1100
ElementID,1679
ElementID,0761
ElementID,9921
ElementID,1588
ElementID,1214
ElementID,9919
ElementID,9915
ElementID,9726
ElementID,9911
ElementID,9905
ElementID,9906
ElementID,9908
ElementID,9337
ElementID,9920
ElementID,0967
ElementID,0074
ElementID,0I44
ElementID,0I45
ElementID,0I46
ElementID,0I47
ElementID,0I48
ElementID,0I49
ElementID,0I50
ElementID,0I51
ElementID,0I52
ElementID,0I53
ElementID,0I54
ElementID,0I55
ElementID,0I61
ElementID,0I64
ElementID,0620
ElementID,0621
ElementID,0618
ElementID,1476
ElementID,1065
ElementID,0485
ElementID,0701
ElementID,1216
ElementID,1218
ElementID,0I58
ElementID,0I59
ElementID,0I60
ElementID,0I62
ElementID,0I63
ElementID,1487
ElementID,0190
ElementID,0I01
ElementID,0I02
ElementID,0I03
ElementID,0662
ElementID,1629
ElementID,0703
ElementID,0604
ElementID,1633
ElementID,0261
ElementID,0286
ElementID,1561
ElementID,0449
ElementID,1333
ElementID,0533
ElementID,0534
ElementID,1254
ElementID,1460
ElementID,1107
ElementID,1104
ElementID,1701
ElementID,1219
ElementID,1220
ElementID,1165
ElementID,0547
ElementID,1550
ElementID,1376
ElementID,0I04
ElementID,0I05
ElementID,0I06
ElementID,0I07
ElementID,0I08
ElementID,0I09
ElementID,0I65
ElementID,0I11
ElementID,0I13
ElementID,0I14
ElementID,0I15
ElementID,0607
ElementID,0371
ElementID,0388
ElementID,0389
ElementID,0765
ElementID,1560
ElementID,0220
ElementID,0211
ElementID,0458
ElementID,0191
ElementID,0117
ElementID,0120
ElementID,0039
ElementID,0016
ElementID,0171
ElementID,0087
ElementID,0088
ElementID,0595
ElementID,0168
ElementID,0172
ElementID,0169
ElementID,0148
ElementID,0021
ElementID,1664
ElementID,0276
ElementID,0372
ElementID,1578
ElementID,1589
ElementID,0170
ElementID,0173
ElementID,0046
ElementID,0119
ElementID,0227
ElementID,0294
ElementID,0295
ElementID,0345
ElementID,0806
ElementID,0807
ElementID,1585
ElementID,0215
ElementID,0277
ElementID,0218
ElementID,1577
ElementID,0808
ElementID,0809
ElementID,1023
ElementID,0267
ElementID,0224
ElementID,0984
ElementID,0985
ElementID,0238
ElementID,0230
ElementID,0271
ElementID,0805
ElementID,0986
ElementID,0272
ElementID,0273
ElementID,0759
ElementID,1081
ElementID,1085
ElementID,1101
ElementID,1093
ElementID,1076
ElementID,1103
ElementID,1080
ElementID,1632
ElementID,1630
ElementID,1631
ElementID,1079
ElementID,1082
ElementID,1680
ElementID,0758
ElementID,0760
ElementID,0665
ElementID,1375
ElementID,0983
ElementID,0222
ElementID,1466
ElementID,1465
ElementID,0708
ElementID,1303
ElementID,1379
ElementID,0250
ElementID,0014
ElementID,0581
ElementID,0601
ElementID,0602
ElementID,0603
ElementID,0580
ElementID,0138
ElementID,0137
ElementID,0136
ElementID,0032
ElementID,1428
ElementID,0256
ElementID,0897
ElementID,0393
ElementID,0599
ElementID,0582
ElementID,0600
ElementID,0392
ElementID,1497
ElementID,0132
ElementID,9955
ElementID,9865
ElementID,9954
ElementID,1393
ElementID,1661
ElementID,1097
ElementID,1102
ElementID,0197
ElementID,0348
ElementID,0931
ElementID,0932
ElementID,1304
ElementID,1595
ElementID,1596
ElementID,1579
ElementID,0196
ElementID,1654
ElementID,1472
ElementID,0821
ElementID,9951
ElementID,0363
ElementID,1551
ElementID,0934
ElementID,0829
ElementID,0102
ElementID,0981
ElementID,0974
ElementID,0737
ElementID,0935
ElementID,0936
ElementID,1373
ElementID,1099
ElementID,1656
ElementID,1105
ElementID,1098
ElementID,1657
ElementID,1720
ElementID,1171
ElementID,1297
ElementID,1626
ElementID,1655
ElementID,1280
ElementID,0165
ElementID,0820
ElementID,1715
ElementID,1702
ElementID,0233
ElementID,0203
ElementID,0216
ElementID,0643
ElementID,0644
ElementID,0205
ElementID,0319
ElementID,0231
ElementID,0887
ElementID,1106
ElementID,0811
ElementID,0647
ElementID,1694
ElementID,1691
ElementID,0109
ElementID,0111
ElementID,0521
ElementID,1042
ElementID,1043
ElementID,1044
ElementID,1045
ElementID,1046
ElementID,1047
ElementID,1024
ElementID,1025
ElementID,1026
ElementID,1030
ElementID,1031
ElementID,1378
ElementID,0888
ElementID,1035
ElementID,1036
ElementID,1037
ElementID,1038
ElementID,1039
ElementID,1692
ElementID,1693
ElementID,1135
ElementID,1155
ElementID,1041
ElementID,1690
ElementID,0110
ElementID,0883
ElementID,0884
ElementID,0885
ElementID,0384
ElementID,0385
ElementID,1699
ElementID,0817
ElementID,0959
ElementID,1172
ElementID,1225
ElementID,1401
ElementID,1296
ElementID,1071
ElementID,0963
ElementID,0754
ElementID,0349
ElementID,0753
ElementID,1077
ElementID,1090
ElementID,1188
ElementID,0689
ElementID,1496
ElementID,0436
ElementID,0930
ElementID,0965
ElementID,0660
ElementID,0629
ElementID,0012
ElementID,0263
ElementID,0001
ElementID,1494
ElementID,1229
ElementID,1233
ElementID,1234
ElementID,0682
ElementID,0493
ElementID,1221
ElementID,1222
ElementID,1223
ElementID,0746
ElementID,0745
ElementID,0826
ElementID,1763
ElementID,0486
ElementID,0704
ElementID,1525
ElementID,1685
ElementID,1688
ElementID,1231
ElementID,0939
ElementID,0940
ElementID,0943
ElementID,0944
ElementID,1719
ElementID,0955
ElementID,0956
ElementID,1721
ElementID,0757
ElementID,0033
ElementID,0853
ElementID,0192
ElementID,0631
ElementID,0637
ElementID,0856
ElementID,0500
ElementID,0630
ElementID,0633
ElementID,1413
ElementID,0664
ElementID,0667
ElementID,1294
ElementID,0795
ElementID,0796
ElementID,1075
ElementID,0005
ElementID,0004
ElementID,0742
ElementID,1431
ElementID,0666
ElementID,1228
ElementID,0663
ElementID,0859
ElementID,0632
ElementID,1293
ElementID,0726
ElementID,0448
ElementID,0815
ElementID,0816
ElementID,1609
ElementID,1226
ElementID,1397
ElementID,1398
ElementID,1706
ElementID,1083
ElementID,0611
ElementID,1295
ElementID,0151
ElementID,3225
ElementID,3055
ElementID,3224
ElementID,7431
ElementID,7433
ElementID,7434
ElementID,9419
ElementID,4465
ElementID,5463
ElementID,5189
ElementID,4471
ElementID,1227
ElementID,7161
ElementID,7160
ElementID,3239
ElementID,9213
ElementID,4183
ElementID,9051
ElementID,9049
ElementID,9048
ElementID,3039
ElementID,4043
ElementID,5394
ElementID,5393
ElementID,4295
ElementID,4294
ElementID,5007
ElementID,5006
ElementID,5105
ElementID,5104
ElementID,9017
ElementID,9021
ElementID,9020
ElementID,9019
ElementID,9018
ElementID,9280
ElementID,9282
ElementID,9045
ElementID,9047
ElementID,3279
ElementID,4487
ElementID,4383
ElementID,4463
ElementID,7111
ElementID,7110
ElementID,4505
ElementID,4507
ElementID,4509
ElementID,7059
ElementID,6313
ElementID,6321
ElementID,6155
ElementID,6154
ElementID,7037
ElementID,7036
ElementID,4051
ElementID,7001
ElementID,7007
ElementID,7006
ElementID,9150
ElementID,9436
ElementID,9146
ElementID,1507
ElementID,4513
ElementID,3453
ElementID,1060
ElementID,1312
ElementID,6069
ElementID,6066
ElementID,6411
ElementID,7505
ElementID,7504
ElementID,7507
ElementID,7506
ElementID,3148
ElementID,3155
ElementID,5047
ElementID,5049
ElementID,5048
ElementID,4403
ElementID,4401
ElementID,4400
ElementID,5243
ElementID,5242
ElementID,5275
ElementID,5237
ElementID,4215
ElementID,4237
ElementID,7164
ElementID,7166
ElementID,7075
ElementID,4437
ElementID,6348
ElementID,5402
ElementID,6341
ElementID,7493
ElementID,7501
ElementID,7500
ElementID,7503
ElementID,7502
ElementID,7509
ElementID,7508
ElementID,9023
ElementID,9025
ElementID,4519
ElementID,8273
ElementID,8351
ElementID,8078
ElementID,8092
ElementID,7124
ElementID,7088
ElementID,7106
ElementID,8339
ElementID,4457
ElementID,1001
ElementID,1000
ElementID,7240
ElementID,3153
ElementID,7512
ElementID,7515
ElementID,9169
ElementID,6174
ElementID,6085
ElementID,3434
ElementID,3432
ElementID,3436
ElementID,3207
ElementID,9432
ElementID,7405
ElementID,4405
ElementID,9501
ElementID,7402
ElementID,9502
ElementID,4440
ElementID,9505
ElementID,9507
ElementID,9509
ElementID,1050
ElementID,9510
ElementID,4451
ElementID,4453
ElementID,4441
ElementID,7065
ElementID,7064
ElementID,7233
ElementID,7224
ElementID,7297
ElementID,7299
ElementID,6176
ElementID,9829
ElementID,9830
ElementID,9828
ElementID,4079
ElementID,4078
ElementID,7419
ElementID,7418
ElementID,7173
ElementID,7171
ElementID,7140
ElementID,7143
ElementID,4497
ElementID,4495
ElementID,4153
ElementID,4149
ElementID,9614
ElementID,4473
ElementID,4472
ElementID,4151
ElementID,4150
ElementID,3289
ElementID,3311
ElementID,3310
ElementID,7077
ElementID,7081
ElementID,7009
ElementID,7008
ElementID,7383
ElementID,5013
ElementID,9916
ElementID,9913
ElementID,9914
ElementID,3455
ElementID,3452
ElementID,5495
ElementID,7083
ElementID,3227
ElementID,3223
ElementID,3222
ElementID,7293
ElementID,3496
ElementID,5025
ElementID,5004
ElementID,6345
ElementID,6343
ElementID,1058
ElementID,3228
ElementID,3251
ElementID,3493
ElementID,3293
ElementID,3292
ElementID,7073
ElementID,8395
ElementID,8393
ElementID,4439
ElementID,4431
ElementID,4461
ElementID,4435
ElementID,9443
ElementID,7459
ElementID,7458
ElementID,9445
ElementID,9444
ElementID,9447
ElementID,9446
ElementID,4521
ElementID,4522
ElementID,5245
ElementID,5482
ElementID,5249
ElementID,4233
ElementID,7102
ElementID,7361
ElementID,8364
ElementID,8410
ElementID,8126
ElementID,8158
ElementID,8186
ElementID,8246
ElementID,8255
ElementID,8179
ElementID,8211
ElementID,8461
ElementID,6083
ElementID,6082
ElementID,1159
ElementID,2005
ElementID,2380
ElementID,2379
ElementID,6178
ElementID,9026
ElementID,9031
ElementID,4447
ElementID,1508
ElementID,1516
ElementID,1503
ElementID,1502
ElementID,9450
ElementID,0405
ElementID,9153
ElementID,9155
ElementID,9156
ElementID,9158
ElementID,9161
ElementID,6432
ElementID,9162
ElementID,9453
ElementID,9285
ElementID,8155
ElementID,8154
ElementID,8077
ElementID,8249
ElementID,8169
ElementID,6350
ElementID,6353
ElementID,9321
ElementID,1049
ElementID,1052
ElementID,9166
ElementID,9635
ElementID,9637
ElementID,9636
ElementID,9171
ElementID,9170
ElementID,9173
ElementID,9172
ElementID,3194
ElementID,3035
ElementID,3192
ElementID,3433
ElementID,7364
ElementID,7187
ElementID,8323
ElementID,9415
ElementID,9411
ElementID,9417
ElementID,9353
ElementID,6029
ElementID,6000
ElementID,6002
ElementID,6096
ElementID,9164
ElementID,7495
ElementID,9633
ElementID,9615
ElementID,9617
ElementID,3036
ElementID,4501
ElementID,7491
ElementID,4499
ElementID,4503
ElementID,4511
ElementID,4510
ElementID,9901
ElementID,9902
ElementID,9903
ElementID,9904
ElementID,3233
ElementID,3232
ElementID,5479
ElementID,6311
ElementID,6314
ElementID,9143
ElementID,9142
ElementID,3005
ElementID,3009
ElementID,7511
ElementID,3499
ElementID,3479
ElementID,3478
ElementID,3483
ElementID,3403
ElementID,3397
ElementID,3405
ElementID,3398
ElementID,3401
ElementID,3295
ElementID,8025
ElementID,4494
ElementID,9616
ElementID,5027
ElementID,5030
ElementID,5039
ElementID,3301
ElementID,3285
ElementID,6162
ElementID,6152
ElementID,7449
ElementID,7451
ElementID,7450
ElementID,7453
ElementID,7452
ElementID,7455
ElementID,7457
ElementID,7456
ElementID,3124
ElementID,3045
ElementID,3042
ElementID,3164
ElementID,3229
ElementID,3482
ElementID,2023
ElementID,2119
ElementID,2118
ElementID,5379
ElementID,5389
ElementID,5388
ElementID,4347
ElementID,8024
ElementID,7186
ElementID,7191
ElementID,7190
ElementID,5125
ElementID,5118
ElementID,5375
ElementID,5387
ElementID,5284
ElementID,5213
ElementID,4071
ElementID,4073
ElementID,4072
ElementID,4075
ElementID,4074
ElementID,4407
ElementID,7039
ElementID,6071
ElementID,6072
ElementID,6063
ElementID,6060
ElementID,9037
ElementID,9007
ElementID,9006
ElementID,6064
ElementID,4221
ElementID,7295
ElementID,7294
ElementID,9141
ElementID,1156
ElementID,1170
ElementID,4475
ElementID,4474
ElementID,6167
ElementID,7179
ElementID,7177
ElementID,7176
ElementID,6087
ElementID,6077
ElementID,7045
ElementID,7047
ElementID,3237
ElementID,3236
ElementID,4035
ElementID,4037
ElementID,4036
ElementID,4279
ElementID,4277
ElementID,4276
ElementID,2475
ElementID,2009
ElementID,2151
ElementID,2152
ElementID,4057
ElementID,4056
ElementID,4345
ElementID,4344
ElementID,6410
ElementID,6079
ElementID,5419
ElementID,5420
ElementID,5315
ElementID,5314
ElementID,4017
ElementID,4493
ElementID,2013
ElementID,2015
ElementID,2017
ElementID,7497
ElementID,4038
ElementID,8260
ElementID,7168
ElementID,3079
ElementID,3083
ElementID,3082
ElementID,6074
ElementID,6173
ElementID,9012
ElementID,9013
ElementID,9853
ElementID,9854
ElementID,9907
ElementID,9940
ElementID,9909
ElementID,9944
ElementID,9817
ElementID,9956
ElementID,9848
ElementID,9835
ElementID,5283
ElementID,5153
ElementID,5152
ElementID,5289
ElementID,5286
ElementID,5279
ElementID,5278
ElementID,5273
ElementID,5305
ElementID,3446
ElementID,5307
ElementID,8023
ElementID,8022
ElementID,7357
ElementID,7188
ElementID,4425
ElementID,4424
ElementID,8335
ElementID,8334
ElementID,8332
ElementID,8341
ElementID,6245
ElementID,6246
ElementID,4055
ElementID,4053
ElementID,4052
ElementID,8213
ElementID,8212
ElementID,8453
ElementID,7175
ElementID,4065
ElementID,7273
ElementID,4219
ElementID,7085
ElementID,0085
ElementID,0104
ElementID,0048
ElementID,0044
ElementID,0135
ElementID,0813
ElementID,0096
ElementID,UNA1
ElementID,UNA2
ElementID,UNA3
ElementID,UNA4
ElementID,UNA5
ElementID,UNA6
ElementID,0010
ElementID,0017
ElementID,0025
ElementID,0029
ElementID,A007
ElementID,9308
ElementID,9303
ElementID,9302
ElementID,4517
ElementID,4525
ElementID,4046
ElementID,4044
ElementID,4039
ElementID,6331
ElementID,9421
ElementID,6426
ElementID,6428
ElementID,9015
ElementID,4404
ElementID,8051
ElementID,8028
ElementID,8067
ElementID,8066
ElementID,8178
ElementID,3127
ElementID,3126
ElementID,8101
ElementID,8457
ElementID,8459
ElementID,7130
ElementID,8281
ElementID,4415
ElementID,4416
ElementID,4419
ElementID,3077
ElementID,0052
ElementID,U051
ElementID,0057
ElementID,0031
ElementID,0038
ElementID,0051
ElementID,0068
ElementID,0070
ElementID,0036
ElementID,1518
ElementID,1505
ElementID,3299
ElementID,3131
ElementID,3475
ElementID,3477
ElementID,3286
ElementID,0402
ElementID,0403
ElementID,A142
ElementID,A124
ElementID,0130
ElementID,0300
ElementID,0320
ElementID,0325
ElementID,0314
ElementID,0747
ElementID,0635
ElementID,1168
ElementID,1180
ElementID,1181
ElementID,0281
ElementID,1244
ElementID,0837
ElementID,0377
ElementID,1245
ElementID,1246
ElementID,1387
ElementID,0535
ElementID,0590
ElementID,0585
ElementID,1621
ElementID,1432
ElementID,1574
ElementID,1575
ElementID,1434
ElementID,1435
ElementID,1436
ElementID,1443
ElementID,1437
ElementID,1438
ElementID,0163
ElementID,1301
ElementID,0496
ElementID,1732
ElementID,1158
ElementID,0497
ElementID,0950
ElementID,0558
ElementID,1658
ElementID,1140
ElementID,0537
ElementID,0545
ElementID,0574
ElementID,1439
ElementID,1442
ElementID,0969
ElementID,0970
ElementID,0972
ElementID,0484
ElementID,1241
ElementID,1240
ElementID,0413
ElementID,0125
ElementID,0982
ElementID,0210
ElementID,0253
ElementID,0321
ElementID,1594
ElementID,0511
ElementID,0512
ElementID,0674
ElementID,0646
ElementID,0728
ElementID,1186
ElementID,1257
ElementID,1133
ElementID,0990
ElementID,1714
ElementID,0791
ElementID,0999
ElementID,1430
ElementID,1160
ElementID,0698
ElementID,0695
ElementID,0437
ElementID,0I40
ElementID,0I41
ElementID,0I42
ElementID,0I43
ElementID,0792
ElementID,1415
ElementID,0707
ElementID,0949
ElementID,1485
ElementID,0561
ElementID,1145
ElementID,1558
ElementID,0749
ElementID,0744
ElementID,0072
ElementID,1337
ElementID,1361
ElementID,1358
ElementID,1327
ElementID,1355
ElementID,1738
ElementID,1739
ElementID,1740
ElementID,0229
ElementID,0461
ElementID,0462
ElementID,0463
ElementID,1179
ElementID,1340
ElementID,1364
ElementID,1341
ElementID,1334
ElementID,1371
ElementID,1329
ElementID,1356
ElementID,1319
ElementID,1320
ElementID,1357
ElementID,1734
ElementID,1735
ElementID,1736
ElementID,1737
ElementID,0299
ElementID,0I17
ElementID,0I18
ElementID,0731
ElementID,0732
ElementID,0733
ElementID,0976
ElementID,0975
ElementID,0977
ElementID,0937
ElementID,0938
ElementID,1591
ElementID,1553
ElementID,1592
ElementID,1369
ElementID,0481
ElementID,1499
ElementID,1722
ElementID,0961
ElementID,1703
ElementID,1173
ElementID,1174
ElementID,1175
ElementID,1420
ElementID,1599
ElementID,1634
ElementID,0978
ElementID,0973
ElementID,0980
ElementID,0705
ElementID,1123
ElementID,9807
ElementID,9808
ElementID,9810
ElementID,9814
ElementID,9819
ElementID,9820
ElementID,9822
ElementID,9825
ElementID,9826
ElementID,9929
ElementID,9831
ElementID,9832
ElementID,9860
ElementID,9838
ElementID,9851
ElementID,9852
ElementID,9857
ElementID,9858
ElementID,9862
ElementID,1627
ElementID,0249
ElementID,0854
ElementID,1157
ElementID,1707
ElementID,1051
ElementID,9801
ElementID,9922
ElementID,9804
ElementID,9868
ElementID,9870
ElementID,9873
ElementID,9874
ElementID,9836
ElementID,1318
ElementID,0318
ElementID,0316
ElementID,0877
ElementID,0106
ElementID,1274
ElementID,0836
ElementID,0839
ElementID,0308
ElementID,0835
ElementID,0583
ElementID,1110
ElementID,1426
ElementID,1425
ElementID,0451
ElementID,0844
ElementID,0608
ElementID,1072
ElementID,0285
ElementID,0514
ElementID,0531
ElementID,0891
ElementID,0893
ElementID,0892
ElementID,0394
ElementID,0890
ElementID,0466
ElementID,0576
ElementID,0575
ElementID,1306
ElementID,0375
ElementID,0095
ElementID,0313
ElementID,0275
ElementID,0470
ElementID,0471
ElementID,0468
ElementID,1122
ElementID,0456
ElementID,0181
ElementID,0529
ElementID,0577
ElementID,0502
ElementID,0050
ElementID,0141
ElementID,0047
ElementID,0645
ElementID,0503
ElementID,0504
ElementID,0078
ElementID,0464
ElementID,0465
ElementID,0244
ElementID,0243
ElementID,0762
ElementID,1127
ElementID,9046
ElementID,9950
ElementID,4343
ElementID,7429
ElementID,7436
ElementID,7438
ElementID,7440
ElementID,7442
ElementID,7444
ElementID,7446
ElementID,4027
ElementID,4025
ElementID,4022
ElementID,9426
ElementID,9434
ElementID,1501
ElementID,1510
ElementID,9448
ElementID,6415
ElementID,6413
ElementID,6412
ElementID,4049
ElementID,4048
ElementID,4059
ElementID,4069
ElementID,4068
ElementID,9441
ElementID,9437
ElementID,3139
ElementID,3413
ElementID,3412
ElementID,6347
ElementID,1620
ElementID,1469
ElementID,1607
ElementID,1611
ElementID,1600
ElementID,1601
ElementID,1602
ElementID,1684
ElementID,1608
ElementID,7041
ElementID,7040
ElementID,9148
ElementID,6145
ElementID,6168
ElementID,6140
ElementID,6008
ElementID,4455
ElementID,6113
ElementID,9175
ElementID,9029
ElementID,9422
ElementID,9003
ElementID,9005
ElementID,9004
ElementID,9009
ElementID,9008
ElementID,9649
ElementID,7365
ElementID,3480
ElementID,9035
ElementID,8053
ElementID,9001
ElementID,9002
ElementID,BKAN
ElementID,BKNM
ElementID,BKSC
ElementID,CRDN
ElementID,CCED
ElementID,C001
ElementID,SCI2
ElementID,RCI2
ElementID,C031
ElementID,LOAD
ElementID,LDPT
ElementID,LDVL
ElementID,RVDT
ElementID,NOLD
ElementID,PAD1
ElementID,PAD2
ElementID,PAD3
ElementID,PAD4
ElementID,PAD5
ElementID,PAD6
ElementID,PPCD
ElementID,PTLB
ElementID,PTLH
ElementID,C004
ElementID,POC2
ElementID,C009
ElementID,QUVL
ElementID,C123
ElementID,C100
ElementID,CRAT
ElementID,BRFE
ElementID,DPST
ElementID,INAM
ElementID,INNO
ElementID,INND
ElementID,APAG
ElementID,APCT
ElementID,PLNO
ElementID,PLD1
ElementID,PLD2
ElementID,END1
ElementID,END2
ElementID,NVSN
ElementID,OVSN
ElementID,AGNO
ElementID,AUT1
ElementID,AUT2
ElementID,PFRN
ElementID,VHRN
ElementID,C015
ElementID,C017
ElementID,C035
ElementID,VAD1
ElementID,VAD2
ElementID,VAD3
ElementID,VAD4
ElementID,VAD5
ElementID,VAD6
ElementID,VPCD
ElementID,VPAD
ElementID,VPAG
ElementID,VACT
ElementID,NOVH
ElementID,AOTC
ElementID,AOC2
ElementID,AOPN
ElementID,AOPR
ElementID,NOAO
ElementID,CRD1
ElementID,CRD2
ElementID,CRD3
ElementID,CRD4
ElementID,PRFN
ElementID,DOCN
ElementID,DOIN
ElementID,DSQ1
ElementID,DSQ2
ElementID,C023
ElementID,CNV3
ElementID,FNAM
ElementID,PNTS
ElementID,C039
ElementID,BRT2
ElementID,NOCN
ElementID,CLA1
ElementID,CLA2
ElementID,CLA3
ElementID,C022
ElementID,CLT2
ElementID,CAMT
ElementID,BIN1
ElementID,BIN2
ElementID,C317
ElementID,ADCS
ElementID,TPCS
ElementID,NOCL
ElementID,CVNO
ElementID,VID1
ElementID,VID2
ElementID,VID3
ElementID,CVDT
ElementID,C131
ElementID,CVR2
ElementID,CPCB
ElementID,CME1
ElementID,C034
ElementID,NOCE
ElementID,NODM
ElementID,C046
ElementID,C019
ElementID,RFS2
ElementID,RFS3
ElementID,IMT2
ElementID,IMT3
ElementID,INP2
ElementID,C018
ElementID,UKRD
ElementID,RGD2
ElementID,C038
ElementID,DVA1
ElementID,DVA2
ElementID,DVA3
ElementID,DRN1
ElementID,DRN2
ElementID,DRN3
ElementID,DRN4
ElementID,DRN5
ElementID,C053
ElementID,DTI2
ElementID,C005
ElementID,DDOB
ElementID,DNN1
ElementID,DNN2
ElementID,DNN3
ElementID,DNN4
ElementID,DNN5
ElementID,DNT2
ElementID,DDON
ElementID,C020
ElementID,LDTE
ElementID,HGVT
ElementID,PSVT
ElementID,MCTA
ElementID,C003
ElementID,DRM2
ElementID,DRM3
ElementID,C056
ElementID,C055
ElementID,DMO3
ElementID,C011
ElementID,DMO6
ElementID,DOO3
ElementID,DOO6
ElementID,C052
ElementID,C021
ElementID,DIVR
ElementID,C002
ElementID,YRML
ElementID,NODR
ElementID,NODV
ElementID,ENCD
ElementID,ENV1
ElementID,ENV2
ElementID,ENV3
ElementID,NOEN
ElementID,TXSC
ElementID,C047
ElementID,TXR1
ElementID,C050
ElementID,TEX1
ElementID,TEX2
ElementID,TEX3
ElementID,TEX4
ElementID,TEX5
ElementID,C032
ElementID,NOCT
ElementID,GCN1
ElementID,GCN2
ElementID,GCN3
ElementID,C043
ElementID,GCPR
ElementID,GCE2
ElementID,TRMK
ElementID,HZC2
ElementID,C054
ElementID,LDR2
ElementID,NOY1
ElementID,NOY2
ElementID,NCDS
ElementID,PRT2
ElementID,INI1
ElementID,INI2
ElementID,INI3
ElementID,C101
ElementID,PNA1
ElementID,PNA2
ElementID,PNA3
ElementID,PNA4
ElementID,PNA5
ElementID,PTI2
ElementID,PDOB
ElementID,PNM1
ElementID,PNM2
ElementID,PNM3
ElementID,PNM4
ElementID,PNM5
ElementID,PTN2
ElementID,PDON
ElementID,NVS1
ElementID,NVS2
ElementID,OVS1
ElementID,OVS2
ElementID,PREF
ElementID,AGRF
ElementID,C318
ElementID,SMC2
ElementID,RMC2
ElementID,IMPR
ElementID,C007
ElementID,C008
ElementID,PSCC
ElementID,NOPP
ElementID,CRA1
ElementID,CRA2
ElementID,EXP1
ElementID,EXP2
ElementID,RNFR
ElementID,CPTM
ElementID,PIN2
ElementID,PRI2
ElementID,PRPN
ElementID,PEXD
ElementID,HZG2
ElementID,POC3
ElementID,POC6
ElementID,POO3
ElementID,POO6
ElementID,C006
ElementID,PVA1
ElementID,PVA2
ElementID,PVA3
ElementID,SPD1
ElementID,SPD4
ElementID,SPD7
ElementID,PCHD
ElementID,PHOH
ElementID,NOPR
ElementID,PPCB
ElementID,PPPB
ElementID,PPBI
ElementID,INSC
ElementID,RSCC
ElementID,TRM2
ElementID,TRM3
ElementID,C010
ElementID,TRCN
ElementID,TRWT
ElementID,TRVL
ElementID,TRPR
ElementID,NOTR
ElementID,C048
ElementID,C049
ElementID,UTO1
ElementID,C036
ElementID,UTH1
ElementID,UTPR
ElementID,C013
ElementID,CLU1
ElementID,CLU2
ElementID,CLU3
ElementID,VHV1
ElementID,C105
ElementID,VLE1
ElementID,DRAG
ElementID,C016
ElementID,CTD1
ElementID,CTD2
ElementID,RADI
ElementID,WND2
ElementID,WNDI
ElementID,ICEC
ElementID,DTRG
ElementID,C044
ElementID,VHM2
ElementID,C103
ElementID,VMD2
ElementID,VMD3
ElementID,VHWT
ElementID,NOST
ElementID,ENCP
ElementID,VHG1
ElementID,VHG2
ElementID,DTPR
ElementID,PRPD
ElementID,C106
ElementID,OII2
ElementID,OII3
ElementID,OII4
ElementID,OII5
ElementID,SDC2
ElementID,C027
ElementID,VHO2
ElementID,VHK2
ElementID,VIN1
ElementID,VIN2
ElementID,VIN3
ElementID,VPCB
ElementID,VPPB
ElementID,VPBI
ElementID,AOSD
ElementID,AOED
ElementID,BKPC
ElementID,BKA1
ElementID,BKA2
ElementID,BKA3
ElementID,BKA4
ElementID,BKA5
ElementID,BKA6
ElementID,BKBR
ElementID,BKNA
ElementID,OSR1
ElementID,DAGE
ElementID,DAGN
ElementID,DOMC
ElementID,C072
ElementID,CTR1
ElementID,LDPC
ElementID,INB1
ElementID,INB2
ElementID,INB3
ElementID,APCB
ElementID,APBI
ElementID,APPB
ElementID,ANPS
ElementID,C073
ElementID,RTP1
ElementID,C074
ElementID,C075
ElementID,PMC3
ElementID,PMC5
ElementID,C311
ElementID,VAT2
ElementID,COPD
ElementID,C071
ElementID,VHAR
ElementID,FTEX
ElementID,C078
ElementID,VCB3
ElementID,C079
ElementID,VCB1
ElementID,AVPB
ElementID,CRD5
ElementID,CVC2
ElementID,YRM1
ElementID,NOFT
ElementID,C080
ElementID,CTR3
ElementID,C085
ElementID,LDC2
ElementID,C084
ElementID,NCI2
ElementID,NCI3
ElementID,NCI4
ElementID,C083
ElementID,C081
ElementID,NONH
ElementID,RTP2
ElementID,SVC1
ElementID,SVC2
ElementID,PMC2
ElementID,PMC4
ElementID,C082
ElementID,MCS2
ElementID,MCS3
ElementID,MCS4
ElementID,MCS5
ElementID,NOSC
ElementID,CER3
ElementID,CER4
ElementID,RAD1
ElementID,VCB2
ElementID,CVB4
ElementID,MLR1
ElementID,MLR2
ElementID,C076
ElementID,SED2
ElementID,C077
ElementID,SDF2
ElementID,SDF3
ElementID,DOIS
ElementID,CTI1
ElementID,NOVS
ElementID,CRD6
ElementID,DRP1
ElementID,C096
ElementID,C097
ElementID,C091
ElementID,C092
ElementID,DRU2
ElementID,C093
ElementID,C094
ElementID,C095
ElementID,NDTM
ElementID,NENC
ElementID,C090
ElementID,ENC1
ElementID,1ENV
ElementID,2ENV
ElementID,3ENV
ElementID,4ENV
ElementID,5ENV
ElementID,LDAC
ElementID,PRPA
ElementID,NOY3
ElementID,LTR1
ElementID,LTR2
ElementID,PPA1
ElementID,PPA2
ElementID,PPA3
ElementID,PPA4
ElementID,PPA5
ElementID,PPA6
ElementID,PPPC
ElementID,C406
ElementID,RUFA
ElementID,NRUF
ElementID,NTAX
ElementID,C099
ElementID,C098
ElementID,LBT2
ElementID,RATX
ElementID,AMTX
ElementID,VCB4
ElementID,C086
ElementID,VMO2
ElementID,NOVM
ElementID,9965
ElementID,FTNA
ElementID,FTA0
ElementID,AREF
ElementID,RPSD
ElementID,RPED
ElementID,NOPA
ElementID,TCSK
ElementID,TOQP
ElementID,TODQ
ElementID,SEQA
ElementID,APIN
ElementID,SPR0
ElementID,SPR1
ElementID,SPR2
ElementID,SACU
ElementID,CPR0
ElementID,CPR1
ElementID,UNO0
ElementID,UNO1
ElementID,MEAS
ElementID,CLS0
ElementID,CLS1
ElementID,QPR0
ElementID,QPR1
ElementID,DEL0
ElementID,DEL1
ElementID,IVDT
ElementID,TXDT
ElementID,INVN
ElementID,PBID
ElementID,CD27
ElementID,CD42
ElementID,VDA0
ElementID,VDA1
ElementID,VDA2
ElementID,VDA3
ElementID,VDA4
ElementID,SUM0
ElementID,SUM1
ElementID,CLVM
ElementID,PTO0
ElementID,PTO1
ElementID,UVL0
ElementID,UVL1
ElementID,UTV0
ElementID,UTV1
ElementID,BAB0
ElementID,BAB1
ElementID,TBT0
ElementID,TBT1
ElementID,CD43
ElementID,CCD1
ElementID,CCD2
ElementID,TCOD
ElementID,TMO0
ElementID,TMO1
ElementID,TMO2
ElementID,TMO3
ElementID,MTNR
ElementID,MLOC
ElementID,PRDT
ElementID,PVDT
ElementID,NDRP
ElementID,PRR0
ElementID,CD44
ElementID,PRR2
ElementID,CON0
ElementID,CD04
ElementID,CON2
ElementID,ADJ0
ElementID,ADJ1
ElementID,BPRI
ElementID,NUC0
ElementID,NUC2
ElementID,CSDT
ElementID,CEDT
ElementID,CPPU
ElementID,CTO0
ElementID,CTO1
ElementID,CD14
ElementID,CD12
ElementID,VATP
ElementID,CPSC
ElementID,ORN0
ElementID,ORN1
ElementID,ORN2
ElementID,ORN3
ElementID,INSD
ElementID,CID0
ElementID,CID1
ElementID,CNAM
ElementID,CAD0
ElementID,CAD1
ElementID,CAD2
ElementID,CAD3
ElementID,CAD4
ElementID,VAT0
ElementID,VAT1
ElementID,CLO0
ElementID,CLO1
ElementID,CLO2
ElementID,FTCO
ElementID,SEI0
ElementID,SEI1
ElementID,REI0
ElementID,REI1
ElementID,MCDV
ElementID,DNA0
ElementID,CD22
ElementID,CD24
ElementID,RTE1
ElementID,RTE3
ElementID,RTE5
ElementID,RTE7
ElementID,GNA0
ElementID,GNA1
ElementID,GNA2
ElementID,GNA3
ElementID,NMST
ElementID,IVED
ElementID,DVED
ElementID,FLGN
ElementID,FLVN
ElementID,FLDT
ElementID,FLID
ElementID,NOTX
ElementID,FTSR
ElementID,LST0
ElementID,LST1
ElementID,SEQB
ElementID,MCAT
ElementID,MCDE
ElementID,MVA0
ElementID,MVA1
ElementID,IDID
ElementID,TDE1
ElementID,LOCA
ElementID,PPA0
ElementID,PAYD
ElementID,PRM1
ElementID,ACI0
ElementID,ACI1
ElementID,CODE
ElementID,SEQC
ElementID,SEQD
ElementID,RDAT
ElementID,RSGA
ElementID,RSGB
ElementID,SID0
ElementID,SID1
ElementID,SNAM
ElementID,SAD0
ElementID,SAD1
ElementID,SAD2
ElementID,SAD3
ElementID,SAD4
ElementID,REF0
ElementID,REF1
ElementID,REF2
ElementID,QPE0
ElementID,QPE1
ElementID,QPE2
ElementID,QPE3
ElementID,STLD
ElementID,STLN
ElementID,STPT
ElementID,RTR1
ElementID,RTR2
ElementID,RTR3
ElementID,RTR4
ElementID,RTR5
ElementID,REPT
ElementID,REPU
ElementID,FTNS
ElementID,STD0
ElementID,STD1
ElementID,FRO0
ElementID,FRO1
ElementID,UNT0
ElementID,UNT1
ElementID,TRD0
ElementID,TRD1
ElementID,SNRF
ElementID,RCRF
ElementID,APRF
ElementID,PRCD
ElementID,FAS0
ElementID,FAS1
ElementID,UVA0
ElementID,UVA1
ElementID,FTO0
ElementID,FTO1
ElementID,FBA0
ElementID,FBA1
ElementID,FPS0
ElementID,FPS1
ElementID,FTNI
ElementID,CD02
ElementID,CD03
ElementID,FTUP
ElementID,NDVT
ElementID,PNDP
ElementID,UVT0
ElementID,UVT1
ElementID,UCS0
ElementID,UCS1
ElementID,NRIL
ElementID,USD0
ElementID,USD1
ElementID,VTV0
ElementID,VTV1
ElementID,UPS0
ElementID,UPS1
ElementID,GSU1
ElementID,GSU2
ElementID,GSU3
ElementID,YSU1
ElementID,YSU2
ElementID,YSU3
ElementID,YAG1
ElementID,YAG2
ElementID,YAG3
ElementID,GMA1
ElementID,GMA2
ElementID,GMA3
ElementID,FCU1
ElementID,FCU2
ElementID,FCU3
ElementID,DCON
ElementID,CCON
ElementID,ADV1
ElementID,ADV2
ElementID,CAR1
ElementID,CAR2
ElementID,CARN
ElementID,PORF
ElementID,CLV1
ElementID,TIT1
ElementID,TIT2
ElementID,TIT3
ElementID,ATH1
ElementID,ATH2
ElementID,SERS
ElementID,FORM
ElementID,PBDT
ElementID,EDIT
ElementID,TCO0
ElementID,TCO1
ElementID,MSA0
ElementID,MSA1
ElementID,LSEQ
ElementID,OQT0
ElementID,OQT1
ElementID,OUC0
ElementID,CD05
ElementID,CD08
ElementID,TDES
ElementID,GHAR
ElementID,DE01
ElementID,DE02
ElementID,TDE0
ElementID,SSTC
ElementID,REVR
ElementID,DUAC
ElementID,LCON
ElementID,TQRT
ElementID,EDAT
ElementID,LDAT
ElementID,RAT1
ElementID,RAT2
ElementID,DIN1
ElementID,DIN2
ElementID,DIN3
ElementID,DIN4
ElementID,DINS
ElementID,DNAC
ElementID,RTEX
ElementID,DELC
ElementID,LPCK
ElementID,PITM
ElementID,SPE1
ElementID,SPE2
ElementID,SPE3
ElementID,WGH1
ElementID,UOSC
ElementID,CUD1
ElementID,CUD2
ElementID,CUD3
ElementID,CTE1
ElementID,CTE2
ElementID,COT1
ElementID,COT2
ElementID,COT3
ElementID,RTC1
ElementID,RTC2
ElementID,RTC3
ElementID,RAD2
ElementID,RAD3
ElementID,RAD4
ElementID,RAD5
ElementID,SCAR
ElementID,CSO1
ElementID,CSO2
ElementID,CSO3
ElementID,CSO4
ElementID,CSO5
ElementID,DCUS
ElementID,OGNO
ElementID,RDHD
ElementID,RTH1
ElementID,RTH2
ElementID,ILO1
ElementID,ILO2
ElementID,IAD1
ElementID,IAD2
ElementID,IAD3
ElementID,IAD4
ElementID,IAD5
ElementID,OTYP
ElementID,ORDP
ElementID,DEPT
ElementID,BATN
ElementID,ENDU
ElementID,UN01
ElementID,TDY1
ElementID,TDY2
ElementID,TDY3
ElementID,TDY4
ElementID,FIN1
ElementID,FIN2
ElementID,FIN3
ElementID,FIN4
ElementID,DYE1
ElementID,DYE2
ElementID,DYE3
ElementID,DYE4
ElementID,PAC1
ElementID,PAC2
ElementID,PAC3
ElementID,PAC4
ElementID,FTOR
ElementID,NLLD
ElementID,NLSD
ElementID,PTYP
ElementID,PAC5
ElementID,PAC6
ElementID,PAC7
ElementID,PKI1
ElementID,PKI2
ElementID,PKI3
ElementID,SIZ1
ElementID,SIZ2
ElementID,SIZ3
ElementID,NOEP
ElementID,ADU1
ElementID,ADU2
ElementID,ADU3
ElementID,ADU4
ElementID,ADL1
ElementID,ADL2
ElementID,ADW1
ElementID,ADW2
ElementID,ADW3
ElementID,ADW4
ElementID,ADW5
ElementID,MAR1
ElementID,MAR2
ElementID,SHA1
ElementID,SHA2
ElementID,SHA3
ElementID,SHA4
ElementID,SHA5
ElementID,COL1
ElementID,COL2
ElementID,DES1
ElementID,DES2
ElementID,DES3
ElementID,SAMP
ElementID,LOTN
ElementID,LOTP
ElementID,RETL
ElementID,BLND
ElementID,TSH1
ElementID,TSH2
ElementID,TSH3
ElementID,TSH4
ElementID,TSH5
ElementID,TSH6
ElementID,FWID
ElementID,SZCD
ElementID,RFR1
ElementID,RFR2
ElementID,MET0
ElementID,MET1
ElementID,MET2
ElementID,MED0
ElementID,MED1
ElementID,VOLN
ElementID,STDT
ElementID,VOLT
ElementID,NODU
ElementID,DEW0
ElementID,DEW1
ElementID,POD0
ElementID,POD1
ElementID,DLO0
ElementID,DLO1
ElementID,TLO0
ElementID,TLO1
ElementID,JORF
ElementID,SCR1
ElementID,SCR2
ElementID,OLT1
ElementID,OLT2
ElementID,OLT3
ElementID,OLT4
ElementID,OLT5
ElementID,CNST
ElementID,COM1
ElementID,COM2
ElementID,COM3
ElementID,YNCT
ElementID,GWID
ElementID,STYL
ElementID,CD06
ElementID,CD07
ElementID,LORD
ElementID,QORD
ElementID,CD28
ElementID,PADT
ElementID,PAYB
ElementID,PNAM
ElementID,DIST
ElementID,VTCO
ElementID,VRDT
ElementID,AMN0
ElementID,AMN1
ElementID,PAYT
ElementID,PAY1
ElementID,PAY2
ElementID,PAY3
ElementID,PAY4
ElementID,PAY5
ElementID,QT01
ElementID,QT02
ElementID,RQTY
ElementID,RFF0
ElementID,RFF1
ElementID,SCF0
ElementID,SCF1
ElementID,QAD1
ElementID,QAD2
ElementID,RADJ
ElementID,AUTH
ElementID,SAJN
ElementID,SAJD
ElementID,SLAJ
ElementID,TQAJ
ElementID,CLO3
ElementID,CD31
ElementID,CD29
ElementID,SQT0
ElementID,SQT1
ElementID,TANO
ElementID,TAIT
ElementID,SSRN
ElementID,SSCC
ElementID,SLSN
ElementID,QSNP
ElementID,TEXT
ElementID,UP01
ElementID,UP02
ElementID,QUPL
ElementID,INR0
ElementID,INR1
ElementID,INR2
ElementID,INR3
ElementID,UPL0
ElementID,UPL1
ElementID,POU0
ElementID,POU1
ElementID,UPVL
ElementID,EUDT
ElementID,LUDT
ElementID,UIN0
ElementID,UIN1
ElementID,UIN2
ElementID,UIN3
ElementID,TPST
ElementID,LUPL
ElementID,RFLV
ElementID,ADJ2
ElementID,OUB0
ElementID,OUB1
ElementID,AUC0
ElementID,TCDE
ElementID,AMPY
ElementID,RQT0
ElementID,RQT1
ElementID,XDAT
ElementID,XQT0
ElementID,XQT1
ElementID,AUT3
ElementID,BKIC
ElementID,BNAM
ElementID,SVI0
ElementID,SVI1
ElementID,BKIN
ElementID,BBID
ElementID,RAT0
ElementID,DIN0
ElementID,DINN
ElementID,AEX0
ElementID,AEX1
ElementID,ECOD
ElementID,ETXT
ElementID,FTAK
ElementID,LACK
ElementID,QACK
ElementID,MAD1
ElementID,MAD2
ElementID,MAD3
ElementID,MAD4
ElementID,MAD5
ElementID,MAD6
ElementID,NDIG
ElementID,CLAS
ElementID,ORCD
ElementID,SCR0
ElementID,DEPO
ElementID,QTY0
ElementID,QTY1
ElementID,LOCD
ElementID,PRR1
ElementID,DATE
ElementID,SNIC
ElementID,PAYM
ElementID,CD18
ElementID,CD20
ElementID,CD19
ElementID,FTNC
ElementID,TVLC
ElementID,FTND
ElementID,TVLD
ElementID,FTNE
ElementID,FTNP
ElementID,TVLP
ElementID,CD17
ElementID,CD26
ElementID,UPW0
ElementID,UPW1
ElementID,CD21
ElementID,FTAR
ElementID,0DEL
ElementID,1DEL
ElementID,NOLR
ElementID,QQT0
ElementID,QQT1
ElementID,PIND
ElementID,TFIN
ElementID,AQT0
ElementID,AQT1
ElementID,SREF
ElementID,FTDE
ElementID,ILO0
ElementID,CTNA
ElementID,IAD0
ElementID,OLO0
ElementID,OLO1
ElementID,CTNM
ElementID,OOA0
ElementID,OOA1
ElementID,OOA2
ElementID,OOA3
ElementID,OOA4
ElementID,NOLI
ElementID,TOTL
ElementID,TOTV
ElementID,CD25
ElementID,ELO0
ElementID,ELO1
ElementID,ELO2
ElementID,DNAM
ElementID,DAD0
ElementID,DAD1
ElementID,DAD2
ElementID,DAD3
ElementID,DAD4
ElementID,VATN
ElementID,FASE
ElementID,FASI
ElementID,FVAT
ElementID,FPSE
ElementID,FPSI
ElementID,TTYP
ElementID,VRRF
ElementID,VATC
ElementID,VSDE
ElementID,VSDI
ElementID,VVAT
ElementID,VPSE
ElementID,VPSI
ElementID,INL0
ElementID,INL1
ElementID,CLO9
ElementID,DACH
ElementID,BCPR
ElementID,ACPR
ElementID,DAR0
ElementID,DAR1
ElementID,VAP0
ElementID,VAP1
ElementID,GNAR
ElementID,GRP0
ElementID,GRP1
ElementID,ORRF
ElementID,IVRF
ElementID,LEXC
ElementID,MIXI
ElementID,CRLI
ElementID,SRSP
ElementID,BUCT
ElementID,DSCV
ElementID,DSCP
ElementID,SUBA
ElementID,IGPI
ElementID,CSDI
ElementID,TSUP
ElementID,RTE0
ElementID,RTE2
ElementID,RTE4
ElementID,RTE6
ElementID,BINN
ElementID,TFAC
ElementID,ORDF
ElementID,DELT
ElementID,INVT
ElementID,STAT
ElementID,DESF
ElementID,PMNT
ElementID,ETFT
ElementID,REGC
ElementID,OUTY
ElementID,LNAM
ElementID,LAD0
ElementID,LAD1
ElementID,LAD2
ElementID,LAD3
ElementID,LTEL
ElementID,LTLX
ElementID,TYPC
ElementID,UPAL
ElementID,ULAY
ElementID,LPAL
ElementID,SP10
ElementID,SP11
ElementID,UGWT
ElementID,ULTH
ElementID,UWDT
ElementID,UHYT
ElementID,UVOL
ElementID,VRMI
ElementID,TNAC
ElementID,REGA
ElementID,PGPN
ElementID,PGSN
ElementID,LEVC
ElementID,UCO0
ElementID,UCO1
ElementID,UCO2
ElementID,UCO3
ElementID,UCO4
ElementID,COR0
ElementID,COR1
ElementID,COR2
ElementID,COR3
ElementID,COR4
ElementID,LINE
ElementID,LID0
ElementID,LID1
ElementID,LIDA
ElementID,LIDT
ElementID,LIDV
ElementID,LIDD
ElementID,SRLC
ElementID,SRAP
ElementID,SRDT
ElementID,SRVT
ElementID,SDCD
ElementID,SETC
ElementID,NMRS
ElementID,TPKG
ElementID,STOI
ElementID,TMAX
ElementID,TMIN
ElementID,STRF
ElementID,LVLA
ElementID,QYDA
ElementID,VLDA
ElementID,SURA
ElementID,SSUB
ElementID,EVLA
ElementID,SEDA
ElementID,ASDA
ElementID,VATA
ElementID,APSE
ElementID,APSI
ElementID,QTYG
ElementID,WTVG
ElementID,SLO0
ElementID,SLO1
ElementID,NSTL
ElementID,LVLT
ElementID,QYDT
ElementID,VLDT
ElementID,SURT
ElementID,TSUB
ElementID,EVLT
ElementID,SEDT
ElementID,ASDT
ElementID,TVAT
ElementID,TPSE
ElementID,TPSI
ElementID,QTYT
ElementID,WTVT
ElementID,ITR0
ElementID,ITR1
ElementID,QTY2
ElementID,UCRV
ElementID,EXLV
ElementID,CRRE
ElementID,CRE0
ElementID,CRE1
ElementID,0CLO
ElementID,1CLO
ElementID,2CLO
ElementID,REGS
ElementID,CRNR
ElementID,CRDT
ElementID,DNNR
ElementID,DNDT
ElementID,CNNR
ElementID,CNDT
ElementID,QYCA
ElementID,VLCA
ElementID,WTCV
ElementID,QYCT
ElementID,VLCT
ElementID,WTCT
ElementID,DEVL
ElementID,QUT0
ElementID,QUT1
ElementID,SACS
ElementID,DI01
ElementID,DI02
ElementID,SDIN
ElementID,DAP0
ElementID,DAP1
ElementID,CD32
ElementID,DQG0
ElementID,DQG1
ElementID,DQG3
ElementID,DQG4
ElementID,DVG0
ElementID,DVG1
ElementID,ADJT
ElementID,AOCI
ElementID,ACCR
ElementID,AAD0
ElementID,AAD1
ElementID,LDEL
ElementID,SPR4
ElementID,SPR5
ElementID,LAD4
ElementID,PLN0
ElementID,PLN1
ElementID,MSP1
ElementID,MSP2
ElementID,MSP3
ElementID,DLE1
ElementID,DLE2
ElementID,MOQ1
ElementID,MOQ2
ElementID,MOQ3
ElementID,MOQ5
ElementID,MOV1
ElementID,MOV2
ElementID,SRP1
ElementID,SRP2
ElementID,PRST
ElementID,DAR2
ElementID,PAP0
ElementID,PAP1
ElementID,GTYP
ElementID,LEV0
ElementID,LEV1
ElementID,UNO2
ElementID,TDE2
ElementID,UCO5
ElementID,COR5
ElementID,PQG0
ElementID,PQG1
ElementID,PQG3
ElementID,PQG4
ElementID,PVG0
ElementID,PVG1
ElementID,STP0
ElementID,STP1
ElementID,SBP0
ElementID,SBP1
ElementID,UGW1
ElementID,ULT1
ElementID,UWD1
ElementID,UHY1
ElementID,UVO1
ElementID,CD15
ElementID,CD30
ElementID,UGS1
ElementID,ULS1
ElementID,UWS1
ElementID,UHS1
ElementID,UVS1
ElementID,RSTI
ElementID,CSTI
ElementID,PRPF
ElementID,UCR0
ElementID,CD13
ElementID,CD09
ElementID,UCRB
ElementID,CDSV
ElementID,CD10
ElementID,NCST
ElementID,MSP0
ElementID,CD11
ElementID,SESH
ElementID,PAY0
ElementID,C042
ElementID,TER2
ElementID,CME2
ElementID,INCR
ElementID,ITCR
ElementID,C316
ElementID,BUNA
ElementID,NAM1
ElementID,NAM2
ElementID,NAM3
ElementID,NAM4
ElementID,NAM5
ElementID,ADD1
ElementID,ADD2
ElementID,ADD3
ElementID,ADD4
ElementID,ADD5
ElementID,ADD6
ElementID,PSCO
ElementID,HTEL
ElementID,BTEL
ElementID,MTEL
ElementID,FTE1
ElementID,FTE2
ElementID,CTEL
ElementID,PARF
ElementID,NPNA
ElementID,C315
ElementID,LAB1
ElementID,LAB2
ElementID,LAB3
ElementID,PAM1
ElementID,PAM2
ElementID,PAM3
ElementID,PAM4
ElementID,RECO
ElementID,DED1
ElementID,DED2
ElementID,DED3
ElementID,DED4
ElementID,DED5
ElementID,VATZ
ElementID,OTHC
ElementID,STC1
ElementID,C312
ElementID,STC3
ElementID,PACO
ElementID,C305
ElementID,REA3
ElementID,DIS1
ElementID,DIS2
ElementID,DIS3
ElementID,DIS4
ElementID,BODA
ElementID,NORE
ElementID,C310
ElementID,CLVL
ElementID,POSI
ElementID,AGVA
ElementID,NOCS
ElementID,C313
ElementID,CLS2
ElementID,CLS5
ElementID,CLS4
ElementID,CLS3
ElementID,CLS6
ElementID,CEVA
ElementID,CED1
ElementID,CED2
ElementID,C057
ElementID,CEU2
ElementID,CEU3
ElementID,RPC2
ElementID,C058
ElementID,C000
ElementID,USN1
ElementID,USN2
ElementID,RBA2
ElementID,RNOA
ElementID,RAO1
ElementID,RAO2
ElementID,RAO3
ElementID,RAO4
ElementID,RAO5
ElementID,RAO6
ElementID,RAPC
ElementID,C203
ElementID,ADI3
ElementID,ADI4
ElementID,ADI5
ElementID,ADI6
ElementID,ADI7
ElementID,ADI8
ElementID,AOWN
ElementID,NOAI
ElementID,C204
ElementID,BUD1
ElementID,BUD2
ElementID,HOAP
ElementID,HTA2
ElementID,RSU2
ElementID,HOOP
ElementID,C201
ElementID,BYRB
ElementID,VOXS
ElementID,C200
ElementID,BNA1
ElementID,BNA2
ElementID,BAD1
ElementID,BAD2
ElementID,BAD3
ElementID,BAD4
ElementID,BAD5
ElementID,BAD6
ElementID,BPCD
ElementID,SSB2
ElementID,C210
ElementID,RSB3
ElementID,C206
ElementID,CEIP
ElementID,PGF1
ElementID,PGF2
ElementID,CAD5
ElementID,CAD6
ElementID,CPCD
ElementID,CTLN
ElementID,TOTE
ElementID,TYEN
ElementID,ENEY
ElementID,EMEA
ElementID,HIK1
ElementID,HIK2
ElementID,EELC
ElementID,NOED
ElementID,MNUR
ElementID,GNVC
ElementID,INN1
ElementID,INN2
ElementID,INN3
ElementID,INN4
ElementID,INN5
ElementID,INA1
ElementID,INA2
ElementID,INA3
ElementID,INA4
ElementID,INA5
ElementID,INA6
ElementID,INPC
ElementID,NOIN
ElementID,LPIP
ElementID,LTAY
ElementID,LATD
ElementID,MNEC
ElementID,MNS3
ElementID,MNS1
ElementID,MNS2
ElementID,MNS4
ElementID,PLIL
ElementID,PLPT
ElementID,PLAT
ElementID,PLTT
ElementID,PLRC
ElementID,PLBC
ElementID,PLPC
ElementID,WUA2
ElementID,RGR3
ElementID,RMNL
ElementID,RSOO
ElementID,PDRN
ElementID,C207
ElementID,PDDE
ElementID,PDAM
ElementID,NOPD
ElementID,NMO1
ElementID,NM02
ElementID,NM03
ElementID,NM04
ElementID,NM05
ElementID,DTOB
ElementID,OCC2
ElementID,CSUM
ElementID,WBSI
ElementID,DFRP
ElementID,OOC2
ElementID,RFSI
ElementID,RAOC
ElementID,RDES
ElementID,NORF
ElementID,RFU2
ElementID,RST2
ElementID,RGR2
ElementID,RMN2
ElementID,RFL2
ElementID,RHU3
ElementID,RHU4
ElementID,RHU5
ElementID,RHU6
ElementID,RHU7
ElementID,RMGM
ElementID,C209
ElementID,RHG3
ElementID,RHG4
ElementID,RLB2
ElementID,REAG
ElementID,ROP2
ElementID,RHL2
ElementID,RWA2
ElementID,RWA3
ElementID,RMR2
ElementID,C205
ElementID,RCD2
ElementID,RSMI
ElementID,RSMX
ElementID,RLM2
ElementID,SEL2
ElementID,IAS4
ElementID,NURK
ElementID,RLK2
ElementID,RBL2
ElementID,RWL2
ElementID,C202
ElementID,RAL5
ElementID,RBG2
ElementID,RGB2
ElementID,RPM2
ElementID,SIT1
ElementID,SIT2
ElementID,SIT3
ElementID,SIT4
ElementID,SVAL
ElementID,SFRD
ElementID,STOD
ElementID,PCSI
ElementID,NOSP
ElementID,NOSI
ElementID,C208
ElementID,PLNB
ElementID,NCOT
ElementID,CRI2
ElementID,PRMF
ElementID,AGAF
ElementID,DLAD
ElementID,PNND
ElementID,AGRT
ElementID,AGNM
ElementID,NOCV
ElementID,DTIT
ElementID,TOCT
ElementID,C012
ElementID,VHI2
ElementID,VHVL
ElementID,C033
ElementID,VLE2
ElementID,CVSP
ElementID,NVI2
ElementID,PTIT
ElementID,PSCP
ElementID,8325
ElementID,3494
ElementID,9613
ElementID,9612
ElementID,1475
ElementID,8275
ElementID,2025
ElementID,2024
ElementID,4000
ElementID,6417
ElementID,6416
ElementID,3128
ElementID,3787
ElementID,3785
ElementID,3789
ElementID,3843
ElementID,3794
ElementID,6810
ElementID,6813
ElementID,6812
ElementID,4803
ElementID,4802
ElementID,7876
ElementID,7879
ElementID,7878
ElementID,9927
ElementID,9931
ElementID,9930
ElementID,3781
ElementID,3752
ElementID,9933
ElementID,7881
ElementID,7880
ElementID,9935
ElementID,9934
ElementID,9937
ElementID,9936
ElementID,3917
ElementID,3913
ElementID,3912
ElementID,3923
ElementID,3922
ElementID,3797
ElementID,3799
ElementID,3835
ElementID,3836
ElementID,3839
ElementID,3841
ElementID,4785
ElementID,4782
ElementID,7853
ElementID,7854
ElementID,7857
ElementID,3830
ElementID,3829
ElementID,3828
ElementID,3811
ElementID,3810
ElementID,3813
ElementID,3812
ElementID,9011
ElementID,9811
ElementID,3793
ElementID,9621
ElementID,9623
ElementID,9622
ElementID,9625
ElementID,9624
ElementID,9631
ElementID,9632
ElementID,9711
ElementID,9713
ElementID,9715
ElementID,9714
ElementID,9641
ElementID,9643
ElementID,9642
ElementID,9645
ElementID,9644
ElementID,9647
ElementID,9646
ElementID,9701
ElementID,9703
ElementID,9702
ElementID,9717
ElementID,1622
ElementID,1606
ElementID,1612
ElementID,1614
ElementID,1615
ElementID,1616
ElementID,1617
ElementID,1618
ElementID,1590
ElementID,1635
ElementID,1638
ElementID,1637
ElementID,1610
ElementID,1650
ElementID,1651
ElementID,1652
ElementID,0672
ElementID,0895
ElementID,0071
ElementID,0159
ElementID,1644
ElementID,0579
ElementID,0951
ElementID,0894
ElementID,0683
ElementID,0832
ElementID,0834
ElementID,5377
ElementID,7011
ElementID,9185
ElementID,9198
ElementID,9140
ElementID,9107
ElementID,9183
ElementID,9113
ElementID,9120
ElementID,9104
ElementID,9108
ElementID,9110
ElementID,9114
ElementID,9165
ElementID,9152
ElementID,9154
ElementID,9151
ElementID,9157
ElementID,9196
ElementID,U085
ElementID,U098
ElementID,U104
ElementID,U048
ElementID,U040
ElementID,U007
ElementID,U044
ElementID,U083
ElementID,U013
ElementID,U020
ElementID,U004
ElementID,U008
ElementID,U010
ElementID,U014
ElementID,U062
ElementID,U065
ElementID,U052
ElementID,U054
ElementID,U057
ElementID,U096
ElementID,7841
ElementID,9010
ElementID,9932
ElementID,9910
ElementID,4835
ElementID,4837
ElementID,4836
ElementID,9759
ElementID,9761
ElementID,9760
ElementID,0523
ElementID,0525
ElementID,0527
ElementID,0532
ElementID,0513
ElementID,BRRD
ElementID,CNSP
ElementID,C014
ElementID,DVOW
ElementID,RSBD
ElementID,DMO2
ElementID,DMEP
ElementID,DOO2
ElementID,DOEP
ElementID,DRXC
ElementID,DDA1
ElementID,DDA2
ElementID,NOVC
ElementID,DAIN
ElementID,C321
ElementID,DARE
ElementID,ESTR
ElementID,ESCD
ElementID,ASV1
ElementID,ASV2
ElementID,C307
ElementID,GUD2
ElementID,GUD3
ElementID,ADR1
ElementID,ADR2
ElementID,NOAR
ElementID,C303
ElementID,TOC1
ElementID,TOC2
ElementID,TOC3
ElementID,TOC4
ElementID,TOC5
ElementID,C308
ElementID,NADA
ElementID,EXA2
ElementID,COTO
ElementID,NUIN
ElementID,C319
ElementID,C320
ElementID,PAR3
ElementID,PAR4
ElementID,C304
ElementID,PAR1
ElementID,PAR2
ElementID,3PAR
ElementID,4PAR
ElementID,PAR5
ElementID,PAR6
ElementID,PAR7
ElementID,NOPT
ElementID,NURC
ElementID,ASVA
ElementID,SAH2
ElementID,C309
ElementID,COLO
ElementID,C306
ElementID,ODR2
ElementID,C301
ElementID,C302
ElementID,VHM3
ElementID,URD2
ElementID,TYR1
ElementID,TYR2
ElementID,TYR3
ElementID,TYR4
ElementID,TYR5
ElementID,2VHM
ElementID,URD3
ElementID,URD4
ElementID,GCAG
ElementID,GACT
ElementID,GCIA
ElementID,GCI1
ElementID,GCI2
ElementID,GCI3
ElementID,GCA1
ElementID,GCA2
ElementID,GCA3
ElementID,GCA4
ElementID,GCA5
ElementID,GCA6
ElementID,USPR
ElementID,VHPR
ElementID,VHAG
ElementID,VHCT
ElementID,C405
ElementID,AIP2
ElementID,AIP4
ElementID,AIP5
ElementID,AIP6
ElementID,AIP7
ElementID,AIP8
ElementID,AIP9
ElementID,AIP0
ElementID,AIP1
ElementID,AIPR
ElementID,NUAD
ElementID,C417
ElementID,CAD7
ElementID,CAD8
ElementID,C420
ElementID,CAL4
ElementID,CAL5
ElementID,CAL6
ElementID,CAL7
ElementID,CAL8
ElementID,CAL9
ElementID,CAL0
ElementID,CAU2
ElementID,C422
ElementID,NACI
ElementID,C412
ElementID,DAD5
ElementID,DAD6
ElementID,DAD7
ElementID,DAD8
ElementID,DAM3
ElementID,C415
ElementID,USA2
ElementID,NDAS
ElementID,C416
ElementID,HIT2
ElementID,HDAT
ElementID,C411
ElementID,TYC2
ElementID,C410
ElementID,LSD2
ElementID,LSD3
ElementID,C402
ElementID,RIC2
ElementID,NHHS
ElementID,LEA2
ElementID,LEP2
ElementID,PDO1
ElementID,PDO2
ElementID,NOCC
ElementID,PADB
ElementID,PAD9
ElementID,RCS2
ElementID,RCS3
ElementID,RCB2
ElementID,RCF2
ElementID,RCVE
ElementID,RCOR
ElementID,RCPC
ElementID,C407
ElementID,C408
ElementID,RDM3
ElementID,RDM4
ElementID,RDG3
ElementID,RDF2
ElementID,RDS2
ElementID,RDS8
ElementID,UND2
ElementID,RDL2
ElementID,C400
ElementID,DWT2
ElementID,C401
ElementID,OWT2
ElementID,DMD2
ElementID,TYG2
ElementID,RIA1
ElementID,RIA2
ElementID,RIA3
ElementID,RIA4
ElementID,RIA5
ElementID,RIA6
ElementID,RIPC
ElementID,RITN
ElementID,NUFL
ElementID,BED1
ElementID,EFLA
ElementID,C418
ElementID,RODE
ElementID,DABU
ElementID,MEH1
ElementID,MEH2
ElementID,MEH3
ElementID,MEH4
ElementID,SEC2
ElementID,END3
ElementID,LKD2
ElementID,BTD2
ElementID,WLK2
ElementID,C403
ElementID,ALD5
ElementID,C502
ElementID,NEW2
ElementID,OTK2
ElementID,RARW
ElementID,C428
ElementID,FIP2
ElementID,NORD
ElementID,C089
ElementID,PEH2
ElementID,SOU2
ElementID,OCD2
ElementID,OCD3
ElementID,MNPG
ElementID,FFF2
ElementID,LEL1
ElementID,LEL2
ElementID,BUS5
ElementID,DPOC
ElementID,NURS
ElementID,C404
ElementID,SCT2
ElementID,SCD1
ElementID,C413
ElementID,SCD3
ElementID,SCD4
ElementID,SCD5
ElementID,SCD6
ElementID,SCD7
ElementID,SCD8
ElementID,SCD9
ElementID,SCD0
ElementID,SCC2
ElementID,SCA2
ElementID,SCP1
ElementID,SCP2
ElementID,SCP3
ElementID,SCP4
ElementID,SCM2
ElementID,SCL1
ElementID,SCM3
ElementID,SCM4
ElementID,SCM5
ElementID,SCM6
ElementID,SCH2
ElementID,C419
ElementID,C425
ElementID,C426
ElementID,SCU2
ElementID,C423
ElementID,C569
ElementID,SCS2
ElementID,NUSC
ElementID,NSDV
ElementID,SED1
ElementID,SDA1
ElementID,SDA2
ElementID,SPI2
ElementID,SPI3
ElementID,SPI4
ElementID,SPI5
ElementID,SIV1
ElementID,SIV2
ElementID,SIV4
ElementID,SIPC
ElementID,NUSI
ElementID,NTRE
ElementID,C414
ElementID,TAC2
ElementID,TAH2
ElementID,TANU
ElementID,C657
ElementID,GEL2
ElementID,TRE1
ElementID,TRE2
ElementID,HGHT
ElementID,UAIC
ElementID,ALT1
ElementID,ALT2
ElementID,ALT3
ElementID,ALT4
ElementID,ALT5
ElementID,ALT6
ElementID,ALT7
ElementID,ALT8
ElementID,ALT9
ElementID,ALT0
ElementID,C409
ElementID,BOU2
ElementID,CAL3
ElementID,CAO4
ElementID,CAO5
ElementID,CAO6
ElementID,CAO7
ElementID,CAO8
ElementID,CAO9
ElementID,CAO0
ElementID,CAH2
ElementID,CAC2
ElementID,NOCI
ElementID,2SCM
ElementID,ENV4
ElementID,ENV5
ElementID,ENC2
ElementID,ENC3
ElementID,ENC4
ElementID,ENC5
ElementID,C041
ElementID,RNC2
ElementID,NOCD
ElementID,PILP
ElementID,SILP
ElementID,RPIN
ElementID,RPCB
ElementID,SCMA
ElementID,DTT1
ElementID,DDT2
ElementID,MLDT
ElementID,C028
ElementID,DTT2
ElementID,COC2
ElementID,MLCD
ElementID,MLA1
ElementID,MLA2
ElementID,MLA3
ElementID,MLA4
ElementID,MLA5
ElementID,MLA6
ElementID,MLPC
ElementID,MLPH
ElementID,MLNM
ElementID,MLTI
ElementID,C120
ElementID,C122
ElementID,PLS2
ElementID,PSDT
ElementID,NPLR
ElementID,NCSC
ElementID,CNNM
ElementID,COID
ElementID,COA1
ElementID,COA2
ElementID,COA3
ElementID,COA4
ElementID,COA5
ElementID,COA6
ElementID,COPC
ElementID,PMS4
ElementID,C030
ElementID,CXT2
ElementID,PTDT
ElementID,ITNO
ElementID,PLRF
ElementID,PLN2
ElementID,PLN3
ElementID,PLN4
ElementID,PLN5
ElementID,EFDT
ElementID,C024
ElementID,C025
ElementID,GRVL
ElementID,PNDT
ElementID,RNDT
ElementID,NOIT
ElementID,TGVL
ElementID,TOCM
ElementID,OSR2
ElementID,DRP2
ElementID,NCD1
ElementID,1CLU
ElementID,VHAD
ElementID,PRQ2
ElementID,C051
ElementID,RPP2
ElementID,NPRQ
ElementID,DRE1
ElementID,DRE2
ElementID,DRE3
ElementID,DRE4
ElementID,DRE5
ElementID,NDRD
ElementID,NOFD
ElementID,FDE1
ElementID,C067
ElementID,FDE3
ElementID,1FDE
ElementID,2FDE
ElementID,3FDE
ElementID,C068
ElementID,5FDE
ElementID,6FDE
ElementID,7FDE
ElementID,C069
ElementID,DSQN
ElementID,NOUA
ElementID,C040
ElementID,RDC2
ElementID,PYRF
ElementID,PDVL
ElementID,C026
ElementID,RNN2
ElementID,TPVL
ElementID,NOCR
ElementID,C132
ElementID,GRPP
ElementID,HTCA
ElementID,PREM
ElementID,RNC3
ElementID,RCD1
ElementID,RNSC
ElementID,RNCT
ElementID,WNDC
ElementID,RNAG
ElementID,RNVC
ElementID,NOOP
ElementID,RPCD
ElementID,ATOC
ElementID,C088
ElementID,DAT1
ElementID,DAT2
ElementID,DAT3
ElementID,DAT4
ElementID,DAT5
ElementID,DAT6
ElementID,DAT7
ElementID,DAT8
ElementID,DAT9
ElementID,NOUF
ElementID,C107
ElementID,ENR2
ElementID,ENR4
ElementID,RPCC
ElementID,RLD1
ElementID,RLD2
ElementID,RTDT
ElementID,TLRT
ElementID,TLIC
ElementID,TLBC
ElementID,TLCN
ElementID,TLAC
ElementID,TLNM
ElementID,TLC1
ElementID,TLC2
ElementID,TLC3
ElementID,TLC4
ElementID,TLCP
ElementID,TLDB
ElementID,TLNT
ElementID,TLCT
ElementID,TLNO
ElementID,TLLT
ElementID,TLLD
ElementID,TLPT
ElementID,TLRN
ElementID,TLRI
ElementID,TLVT
ElementID,TLVM
ElementID,TLMD
ElementID,TLVN
ElementID,TLRC
ElementID,TLRP
ElementID,TLCW
ElementID,VHGR
ElementID,HPCO
ElementID,VHSC
ElementID,NVRN
ElementID,NEC2
ElementID,NEC3
ElementID,C314
ElementID,CLFC
ElementID,C066
ElementID,WRN2
ElementID,WRN3
ElementID,MSRF
ElementID,NOWN
ElementID,7821
ElementID,7820
ElementID,1802
ElementID,7304
ElementID,7194
ElementID,7020
ElementID,7860
ElementID,2001
ElementID,6048
ElementID,7859
ElementID,7831
ElementID,7153
ElementID,3875
ElementID,1853
ElementID,1932
ElementID,1934
ElementID,7810
ElementID,6270
ElementID,1804
ElementID,2825
ElementID,3238
ElementID,4800
ElementID,2002
ElementID,3003
ElementID,3002
ElementID,3296
ElementID,3825
ElementID,3824
ElementID,3827
ElementID,3826
ElementID,3808
ElementID,3928
ElementID,3929
ElementID,3927
ElementID,3926
ElementID,3930
ElementID,3337
ElementID,3336
ElementID,3861
ElementID,3860
ElementID,1410
ElementID,1128
ElementID,2441
ElementID,6872
ElementID,3133
ElementID,3132
ElementID,3921
ElementID,3920
ElementID,2007
ElementID,2895
ElementID,4110
ElementID,3019
ElementID,3018
ElementID,5803
ElementID,5424
ElementID,2836
ElementID,5164
ElementID,5804
ElementID,5056
ElementID,5122
ElementID,6256
ElementID,5126
ElementID,6130
ElementID,5818
ElementID,5808
ElementID,3281
ElementID,3280
ElementID,3845
ElementID,3844
ElementID,4426
ElementID,1908
ElementID,1905
ElementID,6181
ElementID,5801
ElementID,2821
ElementID,2481
ElementID,2089
ElementID,5110
ElementID,1937
ElementID,5882
ElementID,5116
ElementID,5806
ElementID,7815
ElementID,7814
ElementID,7902
ElementID,1926
ElementID,3347
ElementID,3346
ElementID,3803
ElementID,5214
ElementID,5068
ElementID,5812
ElementID,5816
ElementID,5140
ElementID,5814
ElementID,9962
ElementID,5338
ElementID,5490
ElementID,5810
ElementID,CUSI
ElementID,CDPT
ElementID,COPT
ElementID,CDPN
ElementID,ALIN
ElementID,ALIP
ElementID,LSNR
ElementID,REFN
ElementID,DOCT
ElementID,RNCD
ElementID,GRBS
ElementID,ADJI
ElementID,PERC
ElementID,VALU
ElementID,EANC
ElementID,SUPC
ElementID,PROD
ElementID,NOUI
ElementID,CUPU
ElementID,LCUR
ElementID,TMEA
ElementID,UNOM
ElementID,NELC
ElementID,MASS
ElementID,NROU
ElementID,CONU
ElementID,TIND
ElementID,CELC
ElementID,LVCD
ElementID,CILC
ElementID,SILC
ElementID,NEGA
ElementID,DETO
ElementID,TAXI
ElementID,STTO
ElementID,PAYF
ElementID,CTIN
ElementID,POCD
ElementID,LOCN
ElementID,NAME
ElementID,DIAL
ElementID,TELP
ElementID,TELF
ElementID,TELX
ElementID,INRQ
ElementID,BOTF
ElementID,GATE
ElementID,BAYN
ElementID,RDIN
ElementID,NARR
ElementID,REPL
ElementID,LVID
ElementID,FMDT
ElementID,TODT
ElementID,FMTM
ElementID,TOTM
ElementID,SARL
ElementID,SUDP
ElementID,SUPI
ElementID,DAYO
ElementID,TIME
ElementID,7338
ElementID,1800
ElementID,1843
ElementID,7837
ElementID,7834
ElementID,6800
ElementID,6954
ElementID,6848
ElementID,7800
ElementID,7903
ElementID,2816
ElementID,2817
ElementID,6808
ElementID,7801
ElementID,7805
ElementID,3916
ElementID,3889
ElementID,3870
ElementID,4853
ElementID,5848
ElementID,6160
ElementID,7282
ElementID,4423
ElementID,4422
ElementID,9803
ElementID,1208
ElementID,2803
ElementID,2804
ElementID,2805
ElementID,2806
ElementID,6910
ElementID,7803
ElementID,6811
ElementID,6903
ElementID,6904
ElementID,3145
ElementID,3144
ElementID,3941
ElementID,3940
ElementID,1830
ElementID,6883
ElementID,3894
ElementID,7836
ElementID,1809
ElementID,1810
ElementID,1808
ElementID,1815
ElementID,2845
ElementID,2801
ElementID,2802
ElementID,6802
ElementID,6804
ElementID,6806
ElementID,2807
ElementID,6905
ElementID,6909
ElementID,5889
ElementID,6850
ElementID,6851
ElementID,2871
ElementID,2873
ElementID,2834
ElementID,2833
ElementID,8164
ElementID,2459
ElementID,4351
ElementID,2349
ElementID,3335
ElementID,3334
ElementID,2171
ElementID,3816
ElementID,3074
ElementID,3170
ElementID,8801
ElementID,5290
ElementID,5600
ElementID,5604
ElementID,5606
ElementID,5608
ElementID,1860
ElementID,1907
ElementID,6853
ElementID,1906
ElementID,1827
ElementID,4952
ElementID,1851
ElementID,1855
ElementID,7812
ElementID,2837
ElementID,7904
ElementID,5371
ElementID,5370
ElementID,6292
ElementID,2219
ElementID,2831
ElementID,7818
ElementID,7835
ElementID,7838
ElementID,6870
ElementID,6868
ElementID,5082
ElementID,1819
ElementID,3247
ElementID,7839
ElementID,1847
ElementID,7833
ElementID,7955
ElementID,7840
ElementID,6901
ElementID,5845
ElementID,6012
ElementID,6814
ElementID,6422
ElementID,5823
ElementID,5827
ElementID,5825
ElementID,2035
ElementID,7807
ElementID,3925
ElementID,3924
ElementID,2809
ElementID,1825
ElementID,9805
ElementID,2253
ElementID,5895
ElementID,5896
ElementID,6881
ElementID,7910
ElementID,1844
ElementID,7905
ElementID,7242
ElementID,2824
ElementID,6906
ElementID,6907
ElementID,1903
ElementID,2829
ElementID,7070
ElementID,7802
ElementID,1828
ElementID,2838
ElementID,5390
ElementID,6878
ElementID,6879
ElementID,2827
ElementID,4806
ElementID,7824
ElementID,6318
ElementID,1022
ElementID,3840
ElementID,3842
ElementID,7254
ElementID,7182
ElementID,7416
ElementID,7380
ElementID,6420
ElementID,7488
ElementID,4020
ElementID,1801
ElementID,5020
ElementID,5446
ElementID,1850
ElementID,1832
ElementID,6873
ElementID,6874
ElementID,6875
ElementID,6876
ElementID,6877
ElementID,2934
ElementID,5807
ElementID,2069
ElementID,7861
ElementID,7865
ElementID,1849
ElementID,CAPT
ElementID,OLSQ
ElementID,CUDU
ElementID,BTCH
ElementID,SCNR
ElementID,COSP
ElementID,CUCP
ElementID,DCMD
ElementID,CUSP
ElementID,OCCD
ElementID,CNDN
ElementID,SDIR
ElementID,CNTP
ElementID,WHNG
ElementID,SREP
ElementID,CREP
ElementID,TDAC
ElementID,TVAC
ElementID,TSAC
ElementID,TDEC
ElementID,TSDC
ElementID,TPAC
ElementID,CTYP
ElementID,NCAR
ElementID,DSLN
ElementID,CRCD
ElementID,DPNT
ElementID,ORNU
ElementID,TRCD
ElementID,RCNO
ElementID,DASE
ElementID,DAEL
ElementID,PAYI
ElementID,TDAM
ElementID,TSAM
ElementID,TESC
ElementID,TSDS
ElementID,TPAM
ElementID,OSCD
ElementID,TERM
ElementID,TRTP
ElementID,DAMT
ElementID,DAVT
ElementID,SRDC
ElementID,SAPT
ElementID,SVAT
ElementID,SOPT
ElementID,OVPD
ElementID,0900
ElementID,0952
ElementID,0993
ElementID,0588
ElementID,0992
ElementID,0279
ElementID,0245
ElementID,0727
ElementID,0652
ElementID,0564
ElementID,0565
ElementID,0596
ElementID,0991
ElementID,0658
ElementID,0376
ElementID,0330
ElementID,0671
ElementID,0941
ElementID,0777
ElementID,0778
ElementID,0779
ElementID,0780
ElementID,0661
ElementID,0946
ElementID,0947
ElementID,0948
ElementID,0896
ElementID,0651
ElementID,0030
ElementID,0131
ElementID,0126
ElementID,0043
ElementID,0823
ElementID,0194
ElementID,0459
ElementID,0702
ElementID,0101
ElementID,0898
ElementID,0307
ElementID,0037
ElementID,0957
ElementID,0958
ElementID,0049
ElementID,0069
ElementID,0469
ElementID,9329
ElementID,9124
ElementID,7822
ElementID,2073
ElementID,7808
ElementID,7829
ElementID,6001
ElementID,6272
ElementID,2121
ElementID,1899
ElementID,1896
ElementID,6913
ElementID,6912
ElementID,1939
ElementID,1938
ElementID,4882
ElementID,4880
ElementID,4889
ElementID,4894
ElementID,4891
ElementID,1854
ElementID,1856
ElementID,3106
ElementID,3171
ElementID,3809
ElementID,4883
ElementID,4890
ElementID,7246
ElementID,2221
ElementID,3371
ElementID,6306
ElementID,3896
ElementID,7032
ElementID,7424
ElementID,4893
ElementID,4887
ElementID,5484
ElementID,5454
ElementID,QNTY
ElementID,ACTI
ElementID,PRLV
ElementID,ORUI
ElementID,PACI
ElementID,UNCD
ElementID,LGTH
ElementID,WDTH
ElementID,UNPP
ElementID,UNPL
ElementID,LAPP
ElementID,MAST
ElementID,MIST
ElementID,SHLF
ElementID,SPSI
ElementID,MARH
ElementID,MIRH
ElementID,RGDT
ElementID,RGNR
ElementID,RECI
ElementID,RECN
ElementID,SENI
ElementID,SENN
ElementID,STAC
ElementID,MORC
ElementID,SLOC
ElementID,0492
ElementID,0793
ElementID,0794
ElementID,0179
ElementID,0180
ElementID,0228
ElementID,0185
ElementID,9350
ElementID,0624
ElementID,0450
ElementID,0099
ElementID,0178
ElementID,0520
ElementID,0239
ElementID,0158
ElementID,0161
ElementID,1353
ElementID,1326
ElementID,0297
ElementID,0255
ElementID,9480
ElementID,0827
ElementID,0882
ElementID,0149
ElementID,0251
ElementID,0252
ElementID,0764
ElementID,1087
ElementID,1092
ElementID,0045
ElementID,0027
ElementID,0134
ElementID,1088
ElementID,0696
ElementID,0852
ElementID,0593
ElementID,0966
ElementID,0968
ElementID,0971
ElementID,0979
ElementID,0435
ElementID,0452
ElementID,0414
ElementID,0075
ElementID,0530
ElementID,0494
ElementID,0144
ElementID,0763
ElementID,0775
ElementID,0774
ElementID,0401
ElementID,1281
ElementID,1282
ElementID,1283
ElementID,1284
ElementID,1285
ElementID,1286
ElementID,1287
ElementID,1288
ElementID,0264
ElementID,0266
ElementID,0270
ElementID,0265
ElementID,0268
ElementID,0269
ElementID,0006
ElementID,1151
ElementID,1255
ElementID,1256
ElementID,1252
ElementID,1253
ElementID,1374
ElementID,0214
ElementID,G142
ElementID,G124
ElementID,1461
ElementID,1463
ElementID,1464
ElementID,1462
ElementID,1495
ElementID,9840
ElementID,9841
ElementID,9842
ElementID,9843
ElementID,1580
ElementID,1582
ElementID,1583
ElementID,1581
ElementID,3100
ElementID,3101
ElementID,1540
ElementID,1546
ElementID,0I10
ElementID,1619
ElementID,1653
ElementID,BTAM
ElementID,BTOV
ElementID,BTAP
ElementID,CBLO
ElementID,CCLN
ElementID,MIQT
ElementID,MAQT
ElementID,MITM
ElementID,MATM
ElementID,ITPM
ElementID,ITPR
ElementID,BSTA
ElementID,BVAT
ElementID,BPAY
ElementID,1687
ElementID,R400
ElementID,LNTA
ElementID,TPAY
ElementID,TNPC
ElementID,CLSQ
ElementID,ILSQ
ElementID,STYE
ElementID,COLR
ElementID,SIZE
ElementID,LSTA
ElementID,ESTA
ElementID,CNRF
ElementID,DECD
ElementID,TARE
ElementID,DELV
ElementID,NCCP
ElementID,DTER
ElementID,CURR
ElementID,AGNT
ElementID,BANK
ElementID,INDN
ElementID,SHCN
ElementID,6701
ElementID,6182
ElementID,4148
ElementID,1774
ElementID,1785
ElementID,1777
ElementID,1778
ElementID,1779
ElementID,1780
ElementID,1782
ElementID,1781
ElementID,1783
ElementID,1784
ElementID,1776
ElementID,1790
ElementID,1787
ElementID,1791
ElementID,1796
ElementID,1788
ElementID,1792
ElementID,1793
ElementID,9424
ElementID,9428
