SegmentID,BGM
SegmentID,DTM
SegmentID,FTX
SegmentID,CNT
SegmentID,DOC
SegmentID,RFF
SegmentID,NAD
SegmentID,CTA
SegmentID,COM
SegmentID,ERC
SegmentID,BUS
SegmentID,FII
SegmentID,LIN
SegmentID,SEQ
SegmentID,GEI
SegmentID,MOA
SegmentID,AUT
SegmentID,CUX
SegmentID,PER
SegmentID,L3
SegmentID,M10
SegmentID,P4
SegmentID,V9
SegmentID,VEH
SegmentID,NM1
SegmentID,VID
SegmentID,M7
SegmentID,M7A
SegmentID,K1
SegmentID,X4
SegmentID,N9
SegmentID,N7
SegmentID,BA1
SegmentID,M14
SegmentID,CM
SegmentID,M15
SegmentID,V1
SegmentID,V2
SegmentID,MEA
SegmentID,X01
SegmentID,X02
SegmentID,CII
SegmentID,DMG
SegmentID,REF
SegmentID,N3
SegmentID,N4
SegmentID,LX
SegmentID,M13
SegmentID,M11
SegmentID,N1
SegmentID,X1
SegmentID,M12
SegmentID,R4
SegmentID,M21
SegmentID,M20
SegmentID,MBL
SegmentID,VC
SegmentID,N10
SegmentID,H1
SegmentID,H2
SegmentID,K3
SegmentID,DMA
SegmentID,CPM
SegmentID,AAA
SegmentID,ZC1
SegmentID,BX
SegmentID,BNX
SegmentID,M3
SegmentID,M1
SegmentID,EM
SegmentID,H3
SegmentID,N5
SegmentID,IC
SegmentID,IM
SegmentID,E1
SegmentID,E4
SegmentID,E5
SegmentID,PI
SegmentID,GA
SegmentID,SMD
SegmentID,L0
SegmentID,L1
SegmentID,CD
SegmentID,BL
SegmentID,NA
SegmentID,F9
SegmentID,D9
SegmentID,N2
SegmentID,S1
SegmentID,S2
SegmentID,S9
SegmentID,R2
SegmentID,R9
SegmentID,PS
SegmentID,L5
SegmentID,T1
SegmentID,T2
SegmentID,T3
SegmentID,T6
SegmentID,T8
SegmentID,LS
SegmentID,LH1
SegmentID,LH2
SegmentID,LH3
SegmentID,LFH
SegmentID,LEP
SegmentID,LH4
SegmentID,LHT
SegmentID,LHR
SegmentID,LE
SegmentID,LH6
SegmentID,XH
SegmentID,X7
SegmentID,B3B
SegmentID,C4
SegmentID,NTE
SegmentID,G4
SegmentID,N8
SegmentID,R11
SegmentID,DTP
SegmentID,CUR
SegmentID,R12
SegmentID,AMT
SegmentID,R13
SegmentID,IT1
SegmentID,III
SegmentID,H5
SegmentID,IMA
SegmentID,N8A
SegmentID,BAX
SegmentID,W1
SegmentID,W2
SegmentID,W3
SegmentID,W4
SegmentID,W5
SegmentID,W6
SegmentID,E6
SegmentID,E8
SegmentID,IS1
SegmentID,ISC
SegmentID,IS2
SegmentID,LQ
SegmentID,QTY
SegmentID,XD
SegmentID,YNQ
SegmentID,BSW
SegmentID,CI
SegmentID,SWC
SegmentID,ED
SegmentID,SWD
SegmentID,SWR
SegmentID,ZT
SegmentID,ZR
SegmentID,R2B
SegmentID,R2C
SegmentID,R2D
SegmentID,L1A
SegmentID,SMB
SegmentID,SMS
SegmentID,SMR
SegmentID,SMO
SegmentID,BGN
SegmentID,BRR
SegmentID,BJF
SegmentID,JCT
SegmentID,JS
SegmentID,SID
SegmentID,BW
SegmentID,G5
SegmentID,ER
SegmentID,CLR
SegmentID,ES
SegmentID,BGP
SegmentID,SSC
SegmentID,OD
SegmentID,PR
SegmentID,CT
SegmentID,APR
SegmentID,SHR
SegmentID,SR
SegmentID,ISD
SegmentID,BTC
SegmentID,BLR
SegmentID,PRM
SegmentID,EIA
SegmentID,BCQ
SegmentID,SCR
SegmentID,REN
SegmentID,DK
SegmentID,SS
SegmentID,SA
SegmentID,RAB
SegmentID,PT
SegmentID,SB
SegmentID,GY
SegmentID,SC
SegmentID,RS
SegmentID,RD
SegmentID,FK
SegmentID,PR1
SegmentID,PR2
SegmentID,JL
SegmentID,LET
SegmentID,L4
SegmentID,L10
SegmentID,RDD
SegmentID,DR
SegmentID,GH
SegmentID,TT
SegmentID,SCL
SegmentID,GR2
SegmentID,GR4
SegmentID,GR5
SegmentID,OTI
SegmentID,TED
SegmentID,CTX
SegmentID,RED
SegmentID,LM
SegmentID,BTP
SegmentID,REQ
SegmentID,SPI
SegmentID,PLA
SegmentID,LCD
SegmentID,TAX
SegmentID,FOB
SegmentID,ITD
SegmentID,TD5
SegmentID,FBB
SegmentID,TPD
SegmentID,PID
SegmentID,TUD
SegmentID,SPR
SegmentID,PAM
SegmentID,TXN
SegmentID,ENE
SegmentID,ERI
SegmentID,BMG
SegmentID,MIT
SegmentID,MSG
SegmentID,MTX
SegmentID,BT1
SegmentID,BGF
SegmentID,AK1
SegmentID,AK2
SegmentID,AK3
SegmentID,AK4
SegmentID,AK5
SegmentID,AK9
SegmentID,ZD
SegmentID,C3
SegmentID,HL
SegmentID,NX1
SegmentID,PCT
SegmentID,LUI
SegmentID,TPB
SegmentID,PWK
SegmentID,NX2
SegmentID,PDL
SegmentID,CDS
SegmentID,EFI
SegmentID,BIN
SegmentID,TFR
SegmentID,G62
SegmentID,AT5
SegmentID,LC1
SegmentID,MI1
SegmentID,MCT
SegmentID,MS2
SegmentID,AT9
SegmentID,TF
SegmentID,TS
SegmentID,CA1
SegmentID,SV
SegmentID,RTT
SegmentID,ID4
SegmentID,IV1
SegmentID,AES
SegmentID,AEI
SegmentID,EI
SegmentID,TSI
SegmentID,BTS
SegmentID,FAC
SegmentID,B4
SegmentID,Q2
SegmentID,SG
SegmentID,B3
SegmentID,B3A
SegmentID,C2
SegmentID,P1
SegmentID,R1
SegmentID,POD
SegmentID,RMT
SegmentID,G47
SegmentID,SL1
SegmentID,ACS
SegmentID,BHT
SegmentID,ASI
SegmentID,BLI
SegmentID,UDA
SegmentID,SPA
SegmentID,BLN
SegmentID,RPA
SegmentID,AWD
SegmentID,EMS
SegmentID,G86
SegmentID,BVP
SegmentID,VC1
SegmentID,BVS
SegmentID,DEL
SegmentID,CGS
SegmentID,SUP
SegmentID,TXI
SegmentID,AP1
SegmentID,CTP
SegmentID,SAC
SegmentID,BCI
SegmentID,LID
SegmentID,DAM
SegmentID,CRC
SegmentID,DVI
SegmentID,VAT
SegmentID,F13
SegmentID,ID
SegmentID,DP
SegmentID,DL
SegmentID,BMM
SegmentID,BVA
SegmentID,L7
SegmentID,VAD
SegmentID,BVB
SegmentID,SFC
SegmentID,DN
SegmentID,DH
SegmentID,VR
SegmentID,RT
SegmentID,RT1
SegmentID,ERP
SegmentID,CRS
SegmentID,CSU
SegmentID,RAP
SegmentID,MKS
SegmentID,DEG
SegmentID,SUM
SegmentID,FOS
SegmentID,IN2
SegmentID,CQ
SegmentID,ISI
SegmentID,ESI
SegmentID,ELV
SegmentID,AIN
SegmentID,CN1
SegmentID,CON
SegmentID,SES
SegmentID,WLD
SegmentID,SCT
SegmentID,OPX
SegmentID,EDF
SegmentID,PPA
SegmentID,AM1
SegmentID,BEN
SegmentID,IN1
SegmentID,K2
SegmentID,SLN
SegmentID,MS1
SegmentID,CID
SegmentID,IND
SegmentID,PCL
SegmentID,SST
SegmentID,SSE
SegmentID,ATV
SegmentID,TST
SegmentID,SBT
SegmentID,SRE
SegmentID,HS
SegmentID,IMM
SegmentID,HC
SegmentID,SP
SegmentID,OPS
SegmentID,SLA
SegmentID,ENM
SegmentID,DEF
SegmentID,GR
SegmentID,SAD
SegmentID,ENT
SegmentID,ENR
SegmentID,FNA
SegmentID,Y6
SegmentID,IDB
SegmentID,PLI
SegmentID,RQS
SegmentID,SCA
SegmentID,PSC
SegmentID,SSS
SegmentID,ITA
SegmentID,PCS
SegmentID,RC
SegmentID,TDS
SegmentID,LOC
SegmentID,PRR
SegmentID,REP
SegmentID,PRT
SegmentID,LV
SegmentID,DB
SegmentID,ACT
SegmentID,CRI
SegmentID,FC
SegmentID,EMT
SegmentID,WS
SegmentID,TMD
SegmentID,LN
SegmentID,IMP
SegmentID,CFI
SegmentID,REL
SegmentID,AD1
SegmentID,GRI
SegmentID,TFS
SegmentID,TIA
SegmentID,FGS
SegmentID,TRS
SegmentID,BTA
SegmentID,BTI
SegmentID,PBI
SegmentID,ICH
SegmentID,CHB
SegmentID,DPN
SegmentID,LOD
SegmentID,FDA
SegmentID,INR
SegmentID,ITC
SegmentID,ASO
SegmentID,TER
SegmentID,INQ
SegmentID,PYT
SegmentID,PYM
SegmentID,ACD
SegmentID,API
SegmentID,BBC
SegmentID,CED
SegmentID,SPY
SegmentID,TA
SegmentID,THE
SegmentID,DAD
SegmentID,LS1
SegmentID,PO3
SegmentID,G63
SegmentID,B13
SegmentID,B2A
SegmentID,H6
SegmentID,L11
SegmentID,G05
SegmentID,G61
SegmentID,OID
SegmentID,SDQ
SegmentID,S5
SegmentID,BOX
SegmentID,OOI
SegmentID,BDS
SegmentID,RDR
SegmentID,PRF
SegmentID,G38
SegmentID,PKG
SegmentID,TD1
SegmentID,DD
SegmentID,GF
SegmentID,FA1
SegmentID,FA2
SegmentID,ASM
SegmentID,LTR
SegmentID,BOR
SegmentID,SPK
SegmentID,CD2
SegmentID,UC
SegmentID,UQS
SegmentID,EC
SegmentID,ASL
SegmentID,TOA
SegmentID,TOV
SegmentID,SIN
SegmentID,UCS
SegmentID,FH
SegmentID,UD
SegmentID,MPI
SegmentID,SI
SegmentID,BCU
SegmentID,PDP
SegmentID,PDR
SegmentID,PDS
SegmentID,BAL
SegmentID,CSE
SegmentID,RSD
SegmentID,SLI
SegmentID,LDT
SegmentID,PO1
SegmentID,LIE
SegmentID,BCM
SegmentID,CRT
SegmentID,BSD
SegmentID,CLI
SegmentID,CAL
SegmentID,PD
SegmentID,PDD
SegmentID,PDE
SegmentID,FPT
SegmentID,CDA
SegmentID,LRQ
SegmentID,LN1
SegmentID,CRO
SegmentID,ARS
SegmentID,SOI
SegmentID,TLN
SegmentID,TBI
SegmentID,PPD
SegmentID,RO
SegmentID,LT
SegmentID,LTE
SegmentID,HSD
SegmentID,INX
SegmentID,PPL
SegmentID,PL
SegmentID,PRD
SegmentID,PEX
SegmentID,FAA
SegmentID,CCI
SegmentID,VAR
SegmentID,SCM
SegmentID,SCS
SegmentID,G32
SegmentID,RES
SegmentID,MCD
SegmentID,SOM
SegmentID,BEP
SegmentID,REA
SegmentID,FTH
SegmentID,PPY
SegmentID,TRN
SegmentID,DEX
SegmentID,INT
SegmentID,MPP
SegmentID,LUC
SegmentID,RLD
SegmentID,BUY
SegmentID,IGI
SegmentID,UWI
SegmentID,CTT
SegmentID,AT8
SegmentID,LAD
SegmentID,N7A
SegmentID,N7B
SegmentID,MNC
SegmentID,RLT
SegmentID,IRA
SegmentID,PRC
SegmentID,B2
SegmentID,MS3
SegmentID,PLD
SegmentID,CDI
SegmentID,VDI
SegmentID,REC
SegmentID,DFI
SegmentID,OBI
SegmentID,R3
SegmentID,CD3
SegmentID,L9
SegmentID,BOL
SegmentID,AT1
SegmentID,AT3
SegmentID,AT4
SegmentID,AT2
SegmentID,MAN
SegmentID,AT7
SegmentID,B1
SegmentID,X2
SegmentID,MS6
SegmentID,MS5
SegmentID,MS4
SegmentID,B9
SegmentID,B9A
SegmentID,LCT
SegmentID,PO4
SegmentID,G69
SegmentID,PLC
SegmentID,B10
SegmentID,CSD
SegmentID,Q7
SegmentID,IRP
SegmentID,IIS
SegmentID,STS
SegmentID,BSF
SegmentID,MLA
SegmentID,PTS
SegmentID,TII
SegmentID,INC
SegmentID,ATA
SegmentID,TSD
SegmentID,B11
SegmentID,AT6
SegmentID,PUN
SegmentID,TEM
SegmentID,RST
SegmentID,L8
SegmentID,SCN
SegmentID,CF1
SegmentID,CF2
SegmentID,SCP
SegmentID,TRL
SegmentID,Q5
SegmentID,EQD
SegmentID,STP
SegmentID,GID
SegmentID,GRP
SegmentID,GDP
SegmentID,ANI
SegmentID,ARC
SegmentID,ADI
SegmentID,ATR
SegmentID,AOL
SegmentID,AOR
SegmentID,AST
SegmentID,ADT
SegmentID,AOC
SegmentID,AOI
SegmentID,SSD
SegmentID,TDT
SegmentID,STC
SegmentID,FIS
SegmentID,CSI
SegmentID,MIR
SegmentID,FCL
SegmentID,LN2
SegmentID,MIC
SegmentID,MIS
SegmentID,LIC
SegmentID,BSC
SegmentID,ADX
SegmentID,RET
SegmentID,PTF
SegmentID,MRC
SegmentID,TIS
SegmentID,INV
SegmentID,EMP
SegmentID,CLP
SegmentID,SVC
SegmentID,PRV
SegmentID,INS
SegmentID,HI
SegmentID,EQ
SegmentID,EB
SegmentID,SD1
SegmentID,PKD
SegmentID,PIN
SegmentID,PDI
SegmentID,HAD
SegmentID,HPL
SegmentID,CAT
SegmentID,SBR
SegmentID,PAT
SegmentID,TOO
SegmentID,UM
SegmentID,HCR
SegmentID,VRC
SegmentID,SV1
SegmentID,SV2
SegmentID,SV3
SegmentID,DN2
SegmentID,DRA
SegmentID,CL1
SegmentID,CR1
SegmentID,CR2
SegmentID,CR4
SegmentID,CR5
SegmentID,CR6
SegmentID,CR7
SegmentID,CR8
SegmentID,INI
SegmentID,TC2
SegmentID,STA
SegmentID,N12
SegmentID,W09
SegmentID,EA
SegmentID,Y3
SegmentID,Y4
SegmentID,R2A
SegmentID,PAL
SegmentID,L12
SegmentID,C8
SegmentID,C8C
SegmentID,ISS
SegmentID,CMA
SegmentID,DOS
SegmentID,MI
SegmentID,PAI
SegmentID,Y7
SegmentID,Y1
SegmentID,Y2
SegmentID,Y5
SegmentID,G1
SegmentID,G2
SegmentID,G3
SegmentID,V3
SegmentID,M0
SegmentID,M2
SegmentID,V4
SegmentID,BA2
SegmentID,CD1
SegmentID,UIT
SegmentID,Q3
SegmentID,B12
SegmentID,SN1
SegmentID,G20
SegmentID,LEQ
SegmentID,CTC
SegmentID,CIC
SegmentID,CHR
SegmentID,CYC
SegmentID,PRI
SegmentID,CV
SegmentID,LFI
SegmentID,RA
SegmentID,MC
SegmentID,SW
SegmentID,DM
SegmentID,RU1
SegmentID,RU2
SegmentID,RU3
SegmentID,DRT
SegmentID,CS
SegmentID,BPR
SegmentID,BR
SegmentID,HD
SegmentID,RTE
SegmentID,V5
SegmentID,P5
SegmentID,L13
SegmentID,N21
SegmentID,EXI
SegmentID,MSI
SegmentID,RCD
SegmentID,G66
SegmentID,SCH
SegmentID,RRE
SegmentID,BC
SegmentID,USI
SegmentID,CMC
SegmentID,BCP
SegmentID,CBS
SegmentID,JIL
SegmentID,CB1
SegmentID,BPP
SegmentID,RSC
SegmentID,TID
SegmentID,MLS
SegmentID,BIG
SegmentID,IT3
SegmentID,CAD
SegmentID,TCD
SegmentID,USD
SegmentID,TRF
SegmentID,BCD
SegmentID,SHD
SegmentID,CDD
SegmentID,N11
SegmentID,PM
SegmentID,CSM
SegmentID,CSB
SegmentID,CSC
SegmentID,PSA
SegmentID,JID
SegmentID,RDM
SegmentID,RMR
SegmentID,TXP
SegmentID,DED
SegmentID,AVA
SegmentID,TSU
SegmentID,FIR
SegmentID,G53
SegmentID,PEN
SegmentID,SCD
SegmentID,SAL
SegmentID,BOS
SegmentID,ATN
SegmentID,PYD
SegmentID,RYL
SegmentID,ADJ
SegmentID,SER
SegmentID,DEP
SegmentID,BAT
SegmentID,RIC
SegmentID,BAU
SegmentID,PCR
SegmentID,BFR
SegmentID,XPO
SegmentID,CSH
SegmentID,TD3
SegmentID,TD4
SegmentID,PRS
SegmentID,ATH
SegmentID,FST
SegmentID,SDP
SegmentID,SHP
SegmentID,CTB
SegmentID,G55
SegmentID,G54
SegmentID,TRT
SegmentID,TRD
SegmentID,G36
SegmentID,G43
SegmentID,G26
SegmentID,G40
SegmentID,G93
SegmentID,G39
SegmentID,PKL
SegmentID,LFG
SegmentID,BCT
SegmentID,CRD
SegmentID,CAI
SegmentID,CIV
SegmentID,IDC
SegmentID,COB
SegmentID,LC
SegmentID,FSA
SegmentID,RP
SegmentID,TS3
SegmentID,TS2
SegmentID,CAS
SegmentID,RAS
SegmentID,MIA
SegmentID,PLB
SegmentID,BCO
SegmentID,CLM
SegmentID,DN1
SegmentID,DSB
SegmentID,UR
SegmentID,CR3
SegmentID,HCP
SegmentID,OI
SegmentID,FRM
SegmentID,DIS
SegmentID,RRA
SegmentID,ADV
SegmentID,RDT
SegmentID,ICM
SegmentID,HLH
SegmentID,SV4
SegmentID,SV5
SegmentID,SV6
SegmentID,SV7
SegmentID,PS1
SegmentID,SVD
SegmentID,BCS
SegmentID,DLV
SegmentID,CFT
SegmentID,BQT
SegmentID,IT8
SegmentID,PSD
SegmentID,SPS
SegmentID,CSS
SegmentID,NCA
SegmentID,BQR
SegmentID,CST
SegmentID,CSF
SegmentID,BNR
SegmentID,NCD
SegmentID,CPR
SegmentID,BAA
SegmentID,SII
SegmentID,PAD
SegmentID,BPA
SegmentID,BMS
SegmentID,BEG
SegmentID,BLS
SegmentID,BIA
SegmentID,MSS
SegmentID,BRC
SegmentID,XQ
SegmentID,ZA
SegmentID,BAK
SegmentID,ACK
SegmentID,BSN
SegmentID,LP
SegmentID,AXL
SegmentID,LHE
SegmentID,G95
SegmentID,BDD
SegmentID,G07
SegmentID,Q8
SegmentID,CLD
SegmentID,ETD
SegmentID,BSS
SegmentID,JIT
SegmentID,BTR
SegmentID,LH
SegmentID,P2
SegmentID,BCH
SegmentID,POC
SegmentID,BRA
SegmentID,TSP
SegmentID,E01
SegmentID,DMI
SegmentID,E03
SegmentID,E10
SegmentID,E13
SegmentID,E20
SegmentID,E22
SegmentID,E24
SegmentID,E41
SegmentID,E30
SegmentID,DAI
SegmentID,BCA
SegmentID,OQS
SegmentID,BPT
SegmentID,PTD
SegmentID,E34
SegmentID,DDI
SegmentID,E40
SegmentID,BSI
SegmentID,BSR
SegmentID,ISR
SegmentID,G50
SegmentID,G23
SegmentID,G72
SegmentID,G73
SegmentID,G68
SegmentID,G70
SegmentID,G76
SegmentID,G92
SegmentID,G46
SegmentID,G28
SegmentID,G22
SegmentID,G01
SegmentID,G25
SegmentID,G17
SegmentID,G19
SegmentID,G31
SegmentID,G33
SegmentID,G48
SegmentID,G49
SegmentID,BMA
SegmentID,G11
SegmentID,G12
SegmentID,G14
SegmentID,G15
SegmentID,G51
SegmentID,G24
SegmentID,PAS
SegmentID,BFS
SegmentID,PRJ
SegmentID,G21
SegmentID,G91
SegmentID,BMP
SegmentID,G13
SegmentID,G18
SegmentID,G29
SegmentID,G30
SegmentID,RDI
SegmentID,G37
SegmentID,G35
SegmentID,G42
SegmentID,G94
SegmentID,G45
SegmentID,FX6
SegmentID,FX7
SegmentID,FX3
SegmentID,FU3
SegmentID,FU4
SegmentID,FU5
SegmentID,FU1
SegmentID,FU2
SegmentID,FX4
SegmentID,ECS
SegmentID,FX5
SegmentID,RCR
SegmentID,G82
SegmentID,G83
SegmentID,F11
SegmentID,F14
SegmentID,BIX
SegmentID,TI
SegmentID,W05
SegmentID,W66
SegmentID,W01
SegmentID,W20
SegmentID,W07
SegmentID,W13
SegmentID,W14
SegmentID,W06
SegmentID,W27
SegmentID,W28
SegmentID,W10
SegmentID,W12
SegmentID,IK3
SegmentID,IK4
SegmentID,IK5
SegmentID,CTH
SegmentID,PPR
SegmentID,TBP
SegmentID,CPL
SegmentID,PSG
SegmentID,CPI
SegmentID,SEF
SegmentID,FX2
SegmentID,G84
SegmentID,G85
SegmentID,G87
SegmentID,G88
SegmentID,G89
SegmentID,ID1
SegmentID,ID2
SegmentID,ID3
SegmentID,F01
SegmentID,F02
SegmentID,F05
SegmentID,F09
SegmentID,F04
SegmentID,F6X
SegmentID,F12
SegmentID,F07
SegmentID,F10
SegmentID,W76
SegmentID,W04
SegmentID,W03
SegmentID,W17
SegmentID,W08
SegmentID,W18
SegmentID,G08
SegmentID,W15
SegmentID,W19
SegmentID,SPE
SegmentID,APE
SegmentID,S4A
SegmentID,SVA
SegmentID,CAV
SegmentID,CPT
SegmentID,EQN
SegmentID,PCD
SegmentID,GDS
SegmentID,DIM
SegmentID,TMP
SegmentID,RNG
SegmentID,EQA
SegmentID,DGS
SegmentID,GOR
SegmentID,TSR
SegmentID,HAN
SegmentID,PNA
SegmentID,ADR
SegmentID,RCS
SegmentID,ATT
SegmentID,GIR
SegmentID,ORI
SegmentID,TOD
SegmentID,PAC
SegmentID,PCI
SegmentID,GIN
SegmentID,ALI
SegmentID,AJT
SegmentID,UNS
SegmentID,SEL
SegmentID,PIA
SegmentID,COD
SegmentID,SGP
SegmentID,FCA
SegmentID,INP
SegmentID,DLI
SegmentID,BII
SegmentID,ARD
SegmentID,AGR
SegmentID,IMD
SegmentID,ALC
SegmentID,UCI
SegmentID,UCM
SegmentID,UCD
SegmentID,UCF
SegmentID,COT
SegmentID,CNI
SegmentID,TPL
SegmentID,DMS
SegmentID,QVR
SegmentID,GPO
SegmentID,HYN
SegmentID,EVE
SegmentID,IFD
SegmentID,SCC
SegmentID,CPS
SegmentID,DLM
SegmentID,IRQ
SegmentID,DII
SegmentID,SGU
SegmentID,GRU
SegmentID,SEG
SegmentID,ELU
SegmentID,FNT
SegmentID,CMP
SegmentID,ELM
SegmentID,CDV
SegmentID,ICD
SegmentID,RJL
SegmentID,VLI
SegmentID,NAT
SegmentID,APP
SegmentID,PGI
SegmentID,TCC
SegmentID,RSL
SegmentID,QRS
SegmentID,IDE
SegmentID,PCC
SegmentID,ROD
SegmentID,DFN
SegmentID,EDT
SegmentID,DRD
SegmentID,LAN
SegmentID,FOR
SegmentID,FSQ
SegmentID,MEM
SegmentID,PTY
SegmentID,UGH
SegmentID,UGT
SegmentID,IHC
SegmentID,QUA
SegmentID,CIN
SegmentID,DSG
SegmentID,MTD
SegmentID,STG
SegmentID,TRU
SegmentID,CCD
SegmentID,CLA
SegmentID,BAS
SegmentID,DSI
SegmentID,SFI
SegmentID,PLH
SegmentID,VAC
SegmentID,VTR
SegmentID,LDG
SegmentID,BKD
SegmentID,UAI
SegmentID,POL
SegmentID,PLO
SegmentID,PRO
SegmentID,PTR
SegmentID,VHD
SegmentID,VHC
SegmentID,VPR
SegmentID,NCB
SegmentID,CVH
SegmentID,CXS
SegmentID,CXT
SegmentID,GCD
SegmentID,DRI
SegmentID,DTR
SegmentID,FUS
SegmentID,FUT
SegmentID,ENA
SegmentID,ADO
SegmentID,TTR
SegmentID,UTD
SegmentID,DRC
SegmentID,DRL
SegmentID,DRO
SegmentID,DRM
SegmentID,DMT
SegmentID,DRV
SegmentID,DVT
SegmentID,CND
SegmentID,DPR
SegmentID,UAA
SegmentID,UAB
SegmentID,UAC
SegmentID,UAD
SegmentID,UAE
SegmentID,UAF
SegmentID,UAG
SegmentID,UAH
SegmentID,UAJ
SegmentID,UAK
SegmentID,UAL
SegmentID,UAM
SegmentID,UAN
SegmentID,UAO
SegmentID,UAP
SegmentID,SFT
SegmentID,FTT
SegmentID,NCH
SegmentID,NCT
SegmentID,UAQ
SegmentID,VSC
SegmentID,VST
SegmentID,RUF
SegmentID,ENC
SegmentID,ECT
SegmentID,TAT
SegmentID,RUT
SegmentID,VMD
SegmentID,VMT
SegmentID,DTT
SegmentID,P00
SegmentID,P01
SegmentID,P02
SegmentID,P03
SegmentID,P04
SegmentID,P05
SegmentID,P06
SegmentID,P07
SegmentID,P08
SegmentID,P09
SegmentID,P10
SegmentID,P11
SegmentID,P12
SegmentID,P13
SegmentID,P14
SegmentID,P15
SegmentID,P16
SegmentID,P17
SegmentID,P18
SegmentID,P19
SegmentID,P20
SegmentID,P21
SegmentID,P22
SegmentID,P23
SegmentID,P24
SegmentID,P25
SegmentID,P26
SegmentID,P27
SegmentID,P28
SegmentID,P29
SegmentID,P30
SegmentID,P31
SegmentID,P32
SegmentID,P33
SegmentID,P34
SegmentID,P35
SegmentID,P36
SegmentID,P37
SegmentID,P38
SegmentID,P39
SegmentID,P40
SegmentID,P41
SegmentID,P42
SegmentID,P43
SegmentID,P44
SegmentID,P45
SegmentID,P46
SegmentID,P47
SegmentID,P48
SegmentID,P49
SegmentID,P50
SegmentID,P51
SegmentID,P52
SegmentID,P53
SegmentID,P54
SegmentID,P55
SegmentID,P56
SegmentID,P57
SegmentID,P58
SegmentID,P59
SegmentID,P60
SegmentID,P61
SegmentID,P62
SegmentID,P63
SegmentID,P64
SegmentID,P65
SegmentID,P66
SegmentID,P67
SegmentID,P68
SegmentID,P69
SegmentID,P70
SegmentID,P71
SegmentID,P72
SegmentID,P73
SegmentID,P74
SegmentID,P75
SegmentID,P76
SegmentID,P77
SegmentID,P78
SegmentID,P79
SegmentID,P80
SegmentID,P81
SegmentID,P82
SegmentID,P83
SegmentID,P84
SegmentID,P85
SegmentID,P86
SegmentID,P87
SegmentID,P88
SegmentID,P89
SegmentID,P90
SegmentID,P91
SegmentID,P92
SegmentID,P93
SegmentID,P94
SegmentID,P95
SegmentID,P96
SegmentID,P97
SegmentID,P98
SegmentID,P99
SegmentID,ARF
SegmentID,AVD
SegmentID,TYP
SegmentID,SDT
SegmentID,CDT
SegmentID,FIL
SegmentID,AFT
SegmentID,GFT
SegmentID,LST
SegmentID,SFR
SegmentID,SLO
SegmentID,SFP
SegmentID,SFS
SegmentID,RFD
SegmentID,SFX
SegmentID,SFL
SegmentID,DNA
SegmentID,LFT
SegmentID,PFT
SegmentID,PDN
SegmentID,PPT
SegmentID,RSG
SegmentID,SNT
SegmentID,STX
SegmentID,END
SegmentID,UFT
SegmentID,CLO
SegmentID,MOD
SegmentID,BTL
SegmentID,FDT
SegmentID,TTL
SegmentID,VTS
SegmentID,ORD
SegmentID,DIN
SegmentID,OLD
SegmentID,DNC
SegmentID,BIB
SegmentID,MUL
SegmentID,PUB
SegmentID,DNB
SegmentID,OTR
SegmentID,OFT
SegmentID,SON
SegmentID,RDQ
SegmentID,PVD
SegmentID,TEX
SegmentID,ODD
SegmentID,DST
SegmentID,DCD
SegmentID,RNB
SegmentID,DCT
SegmentID,ILO
SegmentID,ACO
SegmentID,OLT
SegmentID,LSD
SegmentID,LLD
SegmentID,ITR
SegmentID,ITO
SegmentID,MED
SegmentID,TXT
SegmentID,HSO
SegmentID,HSL
SegmentID,SAR
SegmentID,SAT
SegmentID,SSR
SegmentID,SRF
SegmentID,SLD
SegmentID,UDD
SegmentID,UST
SegmentID,UCT
SegmentID,UPL
SegmentID,URF
SegmentID,ULD
SegmentID,UTR
SegmentID,ALD
SegmentID,AGD
SegmentID,AQD
SegmentID,KTR
SegmentID,KFT
SegmentID,BDT
SegmentID,SBK
SegmentID,CBK
SegmentID,APD
SegmentID,TCM
SegmentID,TDM
SegmentID,EXC
SegmentID,TPM
SegmentID,PIC
SegmentID,OOL
SegmentID,DFT
SegmentID,PDT
SegmentID,UPS
SegmentID,TOT
SegmentID,VRS
SegmentID,SPD
SegmentID,NPV
SegmentID,LPV
SegmentID,NOI
SegmentID,NAM
SegmentID,LTY
SegmentID,STT
SegmentID,TRA
SegmentID,LMI
SegmentID,IRF
SegmentID,ILD
SegmentID,STL
SegmentID,TLR
SegmentID,PRN
SegmentID,STD
SegmentID,SRD
SegmentID,SRT
SegmentID,CRF
SegmentID,CTR
SegmentID,DNS
SegmentID,ORF
SegmentID,DLD
SegmentID,DLS
SegmentID,PLR
SegmentID,PRP
SegmentID,DSC
SegmentID,DSD
SegmentID,PRU
SegmentID,PYC
SegmentID,OIR
SegmentID,CIA
SegmentID,TAL
SegmentID,TAR
SegmentID,CMI
SegmentID,PNT
SegmentID,VDE
SegmentID,CLE
SegmentID,BLO
SegmentID,LTA
SegmentID,RKB
SegmentID,RKO
SegmentID,SEC
SegmentID,RSY
SegmentID,BSY
SegmentID,ACC
SegmentID,SOP
SegmentID,UPR
SegmentID,ETR
SegmentID,RKH
SegmentID,RRU
SegmentID,BHD
SegmentID,BLD
SegmentID,AIT
SegmentID,CTN
SegmentID,SIS
SegmentID,STR
SegmentID,RSI
SegmentID,RTR
SegmentID,SIT
SegmentID,RFT
SegmentID,LPT
SegmentID,MNY
SegmentID,ODB
SegmentID,LLC
SegmentID,PBL
SegmentID,GIT
SegmentID,PXC
SegmentID,FPC
SegmentID,DEC
SegmentID,TRH
SegmentID,COV
SegmentID,FID
SegmentID,CVR
SegmentID,CVV
SegmentID,CVD
SegmentID,CVT
SegmentID,GIS
SegmentID,EVT
SegmentID,S03
SegmentID,S04
SegmentID,S05
SegmentID,S07
SegmentID,S02
SegmentID,S06
SegmentID,S10
SegmentID,S11
SegmentID,S13
SegmentID,RND
SegmentID,S14
SegmentID,S15
SegmentID,S16
SegmentID,S19
SegmentID,S20
SegmentID,VGP
SegmentID,LCL
SegmentID,QVA
SegmentID,PIT
SegmentID,USH
SegmentID,USA
SegmentID,USC
SegmentID,USR
SegmentID,USB
SegmentID,USX
SegmentID,USY
SegmentID,DRX
SegmentID,DXT
SegmentID,DDT
SegmentID,DUP
SegmentID,DUR
SegmentID,DUT
SegmentID,VCO
SegmentID,PAR
SegmentID,PTT
SegmentID,DAT
SegmentID,IAC
SegmentID,ITT
SegmentID,RPT
SegmentID,ASS
SegmentID,ASV
SegmentID,AVR
SegmentID,AVT
SegmentID,GCV
SegmentID,GCI
SegmentID,RDC
SegmentID,RDU
SegmentID,RDS
SegmentID,SDV
SegmentID,TRE
SegmentID,UBB
SegmentID,OCD
SegmentID,HHD
SegmentID,HHT
SegmentID,ODT
SegmentID,RCA
SegmentID,SPT
SegmentID,RIT
SegmentID,TPA
SegmentID,LEE
SegmentID,CAC
SegmentID,UAR
SegmentID,UAS
SegmentID,UAT
SegmentID,UAU
SegmentID,UAV
SegmentID,UAW
SegmentID,UAX
SegmentID,DAC
SegmentID,UAY
SegmentID,UAZ
SegmentID,UBA
SegmentID,DOA
SegmentID,BUC
SegmentID,COC
SegmentID,SCI
SegmentID,CDR
SegmentID,ILP
SegmentID,DHD
SegmentID,MML
SegmentID,MLF
SegmentID,MLN
SegmentID,MLC
SegmentID,MLD
SegmentID,PST
SegmentID,PII
SegmentID,RTD
SegmentID,PNC
SegmentID,CNX
SegmentID,PRH
SegmentID,FHD
SegmentID,FRD
SegmentID,DRE
SegmentID,RTH
SegmentID,RTI
SegmentID,RCI
SegmentID,RCT
SegmentID,ROV
SegmentID,ROT
SegmentID,UPD
SegmentID,DCR
SegmentID,UDT
SegmentID,RPL
SegmentID,STH
SegmentID,STI
SegmentID,VHX
SegmentID,VXT
SegmentID,VCR
SegmentID,WRN
SegmentID,WRT
SegmentID,MID
SegmentID,MDT
SegmentID,CSG
SegmentID,DAN
SegmentID,BCR
SegmentID,DET
SegmentID,DSU
SegmentID,DAX
SegmentID,ART
SegmentID,SAS
SegmentID,ALT
SegmentID,OSM
SegmentID,RLE
SegmentID,RPD
SegmentID,DCF
SegmentID,NAR
SegmentID,DLP
SegmentID,ADP
SegmentID,TCO
SegmentID,NCO
SegmentID,PVT
SegmentID,IDD
SegmentID,ARI
SegmentID,PBK
SegmentID,RAD
SegmentID,IFT
SegmentID,KDE
SegmentID,AMI
SegmentID,TXR
SegmentID,MSD
SegmentID,TPP
SegmentID,CAR
SegmentID,TAM
SegmentID,BBK
SegmentID,RYT
SegmentID,SAM
SegmentID,RAT
SegmentID,QDI
SegmentID,SDD
SegmentID,SUB
SegmentID,PIP
SegmentID,SBD
SegmentID,SNA
SegmentID,PCM
SegmentID,IRO
SegmentID,WKP
SegmentID,ASD
SegmentID,AAR
SegmentID,DLF
SegmentID,LTM
SegmentID,NFM
SegmentID,DGD
SegmentID,BST
SegmentID,ERR
SegmentID,DDS
SegmentID,DRS
SegmentID,DDE
SegmentID,PRA
SegmentID,SAP
SegmentID,CAP
SegmentID,RFE
SegmentID,CDP
SegmentID,MTS
SegmentID,CTL
SegmentID,MOP
SegmentID,OSD
SegmentID,OQD
SegmentID,J2X
SegmentID,IT4
SegmentID,BPS
SegmentID,UNT
SegmentID,SHH
SegmentID,BDA
SegmentID,INF
SegmentID,B5
SegmentID,A1
SegmentID,A2
SegmentID,ZC
SegmentID,FAI
SegmentID,SDE
SegmentID,RDE
SegmentID,EFC
SegmentID,LOF
SegmentID,LAI
SegmentID,IAA
SegmentID,MAG
SegmentID,SEN
SegmentID,OCO
SegmentID,OFO
SegmentID,GOV
SegmentID,LH5
SegmentID,E12
SegmentID,E14
SegmentID,E26
SegmentID,L7A
SegmentID,RPC
SegmentID,RE
SegmentID,Q6
SegmentID,Q1
SegmentID,CL
SegmentID,WGP
SegmentID,TFM
SegmentID,RTS
SegmentID,TFA
SegmentID,TFD
SegmentID,F1
SegmentID,F2
SegmentID,F4
SegmentID,D1
SegmentID,D2
SegmentID,D4
SegmentID,U1
SegmentID,U2
SegmentID,U4
SegmentID,U5
SegmentID,U6
SegmentID,U9
SegmentID,F5
SegmentID,F6
SegmentID,F7
SegmentID,D5
SegmentID,D6
SegmentID,D7
SegmentID,SMA
SegmentID,SMC
SegmentID,AC
SegmentID,SRC
SegmentID,PC
SegmentID,MII
SegmentID,PAY
SegmentID,TBA
SegmentID,G44
SegmentID,BT2
SegmentID,R02
SegmentID,R03
SegmentID,G27
SegmentID,G06
SegmentID,G09
SegmentID,G10
SegmentID,EBI
SegmentID,EBR
SegmentID,W2A
SegmentID,MIL
SegmentID,OP
SegmentID,E7
SegmentID,SCO
SegmentID,AT
SegmentID,RB
SegmentID,RH
SegmentID,MIN
SegmentID,SRM
SegmentID,MS
SegmentID,A3
SegmentID,A4
SegmentID,GR3
SegmentID,INJ
SegmentID,SRA
SegmentID,SPO
SegmentID,R19
SegmentID,CRV
SegmentID,CCL
SegmentID,CBL
SegmentID,FRC
SegmentID,VRE
SegmentID,BTT
SegmentID,USE
SegmentID,USF
SegmentID,USL
SegmentID,SHI
SegmentID,LDS
SegmentID,DOT
SegmentID,VRT
SegmentID,MSY
SegmentID,CNF
SegmentID,IRE
SegmentID,DLA
SegmentID,IPD
SegmentID,SDI
SegmentID,E3
SegmentID,SBI
SegmentID,PMP
SegmentID,SLV
SegmentID,FQR
SegmentID,IVT
SegmentID,SLS
SegmentID,ITS
SegmentID,LSC
SegmentID,ARR
