Version,"""007020"""
Version,"""007020RAIL"""
Version,"""D  14A"""
Version,"""D  14B"""
Version,"""D  15A"""
Version,"""D  15B"""
Version,"""007030RAIL"""
Version,"""007030"""
Version,"""D  16A"""
Version,"""D  13A"""
Version,"""D  13B"""
Version,"""007010RAIL"""
Version,"""007010"""
Version,"""D  10B"""
Version,"""D  11A"""
Version,"""D  11B"""
Version,"""006040RAIL"""
Version,"""006040"""
Version,"""006041"""
Version,"""006042"""
Version,"""D  12A"""
Version,"""D  12B"""
Version,"""006050RAIL"""
Version,"""006050"""
Version,"""ACHG02"""
Version,"""ADJL01"""
Version,"""ADJL04"""
Version,"""ADJL05"""
Version,"""ADJL06"""
Version,"""ANA001"""
Version,"""ATRM01"""
Version,"""ATRM02"""
Version,"""ATRM04"""
Version,"""CLNM01"""
Version,"""CLNM04"""
Version,"""CLPM01"""
Version,"""CLPM04"""
Version,"""CLUP01"""
Version,"""CMPR01"""
Version,"""CRED01"""
Version,"""CVNO03"""
Version,"""CVNO04"""
Version,"""CVNO05"""
Version,"""CVNO06"""
Version,"""CVNT02"""
Version,"""D  00A"""
Version,"""D  00B"""
Version,"""D  00BSMDG30"""
Version,"""D  001NHS001"""
Version,"""D  002A94"""
Version,"""D  01A"""
Version,"""D  01B"""
Version,"""D  01BEAN003"""
Version,"""D  01BEAN004"""
Version,"""D  01BEAN005"""
Version,"""D  01BEAN006"""
Version,"""D  01BEAN007"""
Version,"""D  01BEAN008"""
Version,"""D  01BEAN010"""
Version,"""D  01C"""
Version,"""D  02A"""
Version,"""D  02B"""
Version,"""D  03A"""
Version,"""D  03AGMI012"""
Version,"""D  03AGMI041"""
Version,"""D  03B"""
Version,"""D  04A"""
Version,"""D  04AGMI051"""
Version,"""D  04B"""
Version,"""D  04BGMI061"""
Version,"""D  05A"""
Version,"""D  05B"""
Version,"""D  06A"""
Version,"""D  06B"""
Version,"""D  07A"""
Version,"""D  07B"""
Version,"""D  08A"""
Version,"""D  08B"""
Version,"""D  09A"""
Version,"""D  09B"""
Version,"""D  10A"""
Version,"""D  3"""
Version,"""D  93A"""
Version,"""D  93AEAN001"""
Version,"""D  93AEAN002"""
Version,"""D  93AEAN003"""
Version,"""D  93AEAN004"""
Version,"""D  93AEAN005"""
Version,"""D  93AEAN007"""
Version,"""D  93AEDIPAP"""
Version,"""D  94A"""
Version,"""D  94BIA"""
Version,"""D  94B"""
Version,"""D  94BDVLA"""
Version,"""D  94BTCIR01"""
Version,"""D  95A"""
Version,"""D  95ACLMI"""
Version,"""D  95B"""
Version,"""D  95BCLMI"""
Version,"""D  95BSMDG20"""
Version,"""D  96A"""
Version,"""D  96AA01051"""
Version,"""D  96AA02031"""
Version,"""D  96AA03031"""
Version,"""D  96AA04031"""
Version,"""D  96AA05021"""
Version,"""D  96AA09041"""
Version,"""D  96AA10011"""
Version,"""D  96AA14041"""
Version,"""D  96AA14051"""
Version,"""D  96AA15031"""
Version,"""D  96AA16031"""
Version,"""D  96ABR001"""
Version,"""D  96AEAN001"""
Version,"""D  96AEAN002"""
Version,"""D  96AEAN003"""
Version,"""D  96AEAN004"""
Version,"""D  96AEAN005"""
Version,"""D  96AEAN006"""
Version,"""D  96AEAN008"""
Version,"""D  96ASIMP01"""
Version,"""D  96B"""
Version,"""D  97A"""
Version,"""D  97AEDAS02"""
Version,"""D  97AEDSC02"""
Version,"""D  97AEDSR01"""
Version,"""D  97AEDSR02"""
Version,"""D  97B"""
Version,"""D  98A"""
Version,"""D  98B"""
Version,"""D  98BA02041"""
Version,"""D  98BA03041"""
Version,"""D  98BA10021"""
Version,"""D  99A"""
Version,"""D  99B"""
Version,"""DCHG02"""
Version,"""DDOC02"""
Version,"""ENRM01"""
Version,"""ENRM04"""
Version,"""GCRD02"""
Version,"""HHAJ03"""
Version,"""HHPR02"""
Version,"""HHPR03"""
Version,"""HHRI01"""
Version,"""MEMO01"""
Version,"""MEMO02"""
Version,"""MLRP02"""
Version,"""MLST02"""
Version,"""MTAD05"""
Version,"""NCBP02"""
Version,"""NCBR02"""
Version,"""NCHG01"""
Version,"""PCNX02"""
Version,"""PLPS02"""
Version,"""PLSA01"""
Version,"""PLSA04"""
Version,"""PLSA05"""
Version,"""PLSA06"""
Version,"""PRMP01"""
Version,"""PRMP02"""
Version,"""PROP03"""
Version,"""PROP04"""
Version,"""PROP05"""
Version,"""PROP06"""
Version,"""PRQY01"""
Version,"""PRQY04"""
Version,"""RATE01"""
Version,"""RDCL01"""
Version,"""RMIT02"""
Version,"""RNCN01"""
Version,"""RNCN04"""
Version,"""RNWL02"""
Version,"""RNWL03"""
Version,"""RNWL04"""
Version,"""RNWL05"""
Version,"""RPRM03"""
Version,"""RPRT02"""
Version,"""S  93A"""
Version,"""S  93ATCDA03"""
Version,"""S  93ATCDY03"""
Version,"""S  93ATCIN03"""
Version,"""S  93ATCOC03"""
Version,"""S  93ATCOP03"""
Version,"""S  93ATCOR03"""
Version,"""S  93ATCOS01"""
Version,"""S  93ATCPR01"""
Version,"""S  93ATCQD01"""
Version,"""STAT02"""
Version,"""TLOS01"""
Version,"""VCHG02"""
Version,"""VCRN02"""
Version,"""VIRM01"""
Version,"""VIRM04"""
Version,"""WARN01"""
Version,"""001"""
Version,"""001000IR"""
Version,"""001000S"""
Version,"""002"""
Version,"""002X"""
Version,"""002000IR"""
Version,"""002000S"""
Version,"""002001UN"""
Version,"""002001"""
Version,"""002001FORD"""
Version,"""002002UN"""
Version,"""002002"""
Version,"""002002CHRY"""
Version,"""002002FORD"""
Version,"""002002VICS"""
Version,"""002003"""
Version,"""002003FORD"""
Version,"""002003GM"""
Version,"""002003VICS"""
Version,"""00201"""
Version,"""00204"""
Version,"""002040"""
Version,"""002040CHRY"""
Version,"""002040GM"""
Version,"""002040NAV"""
Version,"""002040VICS"""
Version,"""003"""
Version,"""00300"""
Version,"""003000IR"""
Version,"""003000S"""
Version,"""00301"""
Version,"""003010"""
Version,"""003010CHRY"""
Version,"""003010FORD"""
Version,"""003010GM"""
Version,"""003010UCS"""
Version,"""003010VICS"""
Version,"""003011"""
Version,"""003012"""
Version,"""00302"""
Version,"""003020"""
Version,"""003020AIAG"""
Version,"""003020M"""
Version,"""003020RAIL"""
Version,"""003020UCS"""
Version,"""003020VICS"""
Version,"""003021"""
Version,"""003022"""
Version,"""00303"""
Version,"""003030"""
Version,"""003030CHRY"""
Version,"""003030GM"""
Version,"""003030RAIL"""
Version,"""003030UCS"""
Version,"""003030VICS"""
Version,"""003031"""
Version,"""003032"""
Version,"""003032FORD"""
Version,"""00304"""
Version,"""003040"""
Version,"""003040AIAG"""
Version,"""003040NAV"""
Version,"""003040RAIL"""
Version,"""003040RIGMAT"""
Version,"""003040UCS"""
Version,"""003040VICS"""
Version,"""003041"""
Version,"""003042"""
Version,"""003042CBC"""
Version,"""00305"""
Version,"""003050"""
Version,"""003050AIAG"""
Version,"""003050RAIL"""
Version,"""003050RIFMAT"""
Version,"""003050UCS"""
Version,"""003050VICS"""
Version,"""003051"""
Version,"""003052"""
Version,"""00306"""
Version,"""003060"""
Version,"""003060AIAG"""
Version,"""003060BISAC"""
Version,"""003060RAIL"""
Version,"""003060RIFMAT"""
Version,"""003060UCS"""
Version,"""003060VICS"""
Version,"""003061"""
Version,"""003062"""
Version,"""00307"""
Version,"""003070"""
Version,"""003070RAIL"""
Version,"""003070UCS"""
Version,"""003070VICS"""
Version,"""003071"""
Version,"""003072"""
Version,"""00400"""
Version,"""004000IR"""
Version,"""004000S"""
Version,"""004001"""
Version,"""004001EAN001"""
Version,"""004001EAN005"""
Version,"""00401"""
Version,"""004010"""
Version,"""004010AIAG"""
Version,"""004010RAIL"""
Version,"""004010RIFMAT"""
Version,"""004010TI0900"""
Version,"""004010UCS"""
Version,"""004010VICS"""
Version,"""004011"""
Version,"""004012"""
Version,"""00402"""
Version,"""004020"""
Version,"""004020RAIL"""
Version,"""004020UCS"""
Version,"""004020VICS"""
Version,"""004021"""
Version,"""004022"""
Version,"""00403"""
Version,"""004030"""
Version,"""004030RAIL"""
Version,"""004030RIFMAT"""
Version,"""004030UCS"""
Version,"""004030VICS"""
Version,"""004031"""
Version,"""004032"""
Version,"""004035RAIL"""
Version,"""00404"""
Version,"""004040"""
Version,"""004040RAIL"""
Version,"""004040UCS"""
Version,"""004040VICS"""
Version,"""004041"""
Version,"""004042"""
Version,"""00405"""
Version,"""004050"""
Version,"""004050RAIL"""
Version,"""004050UCS"""
Version,"""004050VICS"""
Version,"""004051"""
Version,"""004052"""
Version,"""00406"""
Version,"""004060"""
Version,"""004060RAIL"""
Version,"""004060RIFMAT"""
Version,"""004060UCS"""
Version,"""004060VICS"""
Version,"""004061"""
Version,"""004062"""
Version,"""00500"""
Version,"""005000IR"""
Version,"""005000S"""
Version,"""00501"""
Version,"""005010"""
Version,"""005010RAIL"""
Version,"""005010UCS"""
Version,"""005010VICS"""
Version,"""005011"""
Version,"""005012"""
Version,"""00502"""
Version,"""005020"""
Version,"""005020RAIL"""
Version,"""005020UCS"""
Version,"""005020VICS"""
Version,"""005021"""
Version,"""005022"""
Version,"""00503"""
Version,"""005030"""
Version,"""005030RAIL"""
Version,"""005030UCS"""
Version,"""005030VICS"""
Version,"""005031"""
Version,"""005032"""
Version,"""00504"""
Version,"""005040"""
Version,"""005040RAIL"""
Version,"""005040UCS"""
Version,"""005040VICS"""
Version,"""005041"""
Version,"""005042"""
Version,"""00505"""
Version,"""005050"""
Version,"""005050RAIL"""
Version,"""005051"""
Version,"""005052"""
Version,"""00600"""
Version,"""006000S"""
Version,"""00601"""
Version,"""006010"""
Version,"""006010RAIL"""
Version,"""006011"""
Version,"""006012"""
Version,"""00602"""
Version,"""006020"""
Version,"""006020RAIL"""
Version,"""006021"""
Version,"""006022"""
Version,"""00603"""
Version,"""006030"""
Version,"""006031"""
Version,"""006032"""
Version,"""092001"""
Version,"""007040"""
Version,"""007040RAIL"""
Version,"""D  16B"""
Version,"""D  17A"""
